字段1,字段2,字段3
600519,更多春节概念 ;超级品牌 ;收入改革 ;MSCI概念 ;老字号 ;大消费 ;央视财经50 ;黔中经济区 ;融资融券 ;沪股通 ;转融券标的 ;贵州国资改革 ;地方国资改革 ;白酒概念,贵州茅台
"600519,600519",,"贵州茅台,贵州茅台"
002092,更多聚氯乙烯 ;脱硫脱硝 ;新疆振兴 ;涉矿 ;融资融券 ;深股通 ;转融券标的 ;白马股 ;电石 ;地方国资改革 ;粘胶短纤 ;石墨烯 ;PVC ;烧碱 ;MSCI预期 ;煤化工,中泰化学
"002092,002092,002092",,"中泰化学,中泰化学,中泰化学"
600908,村镇银行 ;养老金持股,无锡银行
300204,多肽药 ;生物医药 ;乙肝治疗 ;创新药,舒泰神
"300204,300204,300204,300204,300204,300204,300204,300204,300204,300204,300204,300204",,"舒泰神,舒泰神,舒泰神,舒泰神,舒泰神,舒泰神,舒泰神,舒泰神,舒泰神,舒泰神,舒泰神,舒泰神"
603968,醋酸,醋化股份
603968,,醋化股份
002149,更多轻型合金 ;4D打印 ;核电 ;超导 ;钨 ;钛 ;稀有金属 ;地方国资改革 ;小金属概念 ;柔性屏 ;科创板预期,西部材料
"002149,002149,002149",,"西部材料,西部材料,西部材料"
"600682,600682,600682,600682,600682",,"南京新百,南京新百,南京新百,南京新百,南京新百"
300265,更多光纤 ;特高压 ;大上海 ;电缆 ;光纤光缆 ;航空航天 ;军民融合 ;5G ;军工 ;光通信设备,通光线缆
"300265,300265,300265,300265,300265,300265,300265,300265",,"通光线缆,通光线缆,通光线缆,通光线缆,通光线缆,通光线缆,通光线缆,通光线缆"
300064,更多中原经济区 ;新能源 ;参股民营银行 ;炭素 ;新材料概念 ;深股通 ;超硬材料 ;纳米 ;股权转让 ;富勒烯,豫金刚石
"300064,300064,300064,300064,300064",,"豫金刚石,豫金刚石,豫金刚石,豫金刚石,豫金刚石"
300209,更多智能医疗 ;网约车 ;汽车电子 ;涉矿 ;智能交通 ;车联网 ;智能汽车 ;物联网 ;物联网应用层 ;电子商务 ;跨境电商 ;无人驾驶 ;5G ;柔性屏 ;国产软件,天泽信息
"300209,300209,300209,300209,300209,300209,300209,300209,300209",,"天泽信息,天泽信息,天泽信息,天泽信息,天泽信息,天泽信息,天泽信息,天泽信息,天泽信息"
603881,更多阿里巴巴概念 ;腾讯概念 ;百度概念 ;沪股通 ;地方国资改革 ;云计算 ;大数据 ;上海国资改革,数据港
601009,更多MSCI概念 ;融资融券 ;沪股通 ;转融券标的 ;优先股概念,南京银行
"601009,601009,601009,601009",,"南京银行,南京银行,南京银行,南京银行"
002217,更多指纹技术 ;众筹概念 ;3D玻璃 ;触摸屏 ;深股通 ;富士康概念 ;智能穿戴 ;硝酸 ;OLED显示模组 ;OLED ;股权转让 ;融资融券 ;转融券标的 ;无线充电 ;5G ;消费电子 ;华为概念 ;地方国资改革 ;国资驰援 ;MSCI预期,合力泰
"002217,002217,002217,002217,002217,002217,002217,002217,002217,002217,002217,002217,002217,002217,002217,002217,002217,002217,002217,002217,002217,002217,002217,002217,002217,002217,002217,002217,002217,002217,002217,002217,002217,002217,002217,002217,002217,002217,002217,002217,002217",,"合力泰,合力泰,合力泰,合力泰,合力泰,合力泰,合力泰,合力泰,合力泰,合力泰,合力泰,合力泰,合力泰,合力泰,合力泰,合力泰,合力泰,合力泰,合力泰,合力泰,合力泰,合力泰,合力泰,合力泰,合力泰,合力泰,合力泰,合力泰,合力泰,合力泰,合力泰,合力泰,合力泰,合力泰,合力泰,合力泰,合力泰,合力泰,合力泰,合力泰,合力泰"
002860,新能源汽车 ;家用电器,星帅尔
"002860,002860,002860,002860",,"星帅尔,星帅尔,星帅尔,星帅尔"
"300405,300405",,"科隆股份,科隆股份"
002895,深股通 ;磷酸一铵 ;磷化工,川恒股份
"002895,002895,002895,002895,002895,002895",,"川恒股份,川恒股份,川恒股份,川恒股份,川恒股份,川恒股份"
002915,--,中欣氟材
300142,更多冠状病毒 ;西尼罗病毒 ;霍乱 ;炭疽 ;HPV疫苗 ;深股通 ;生物医药 ;抗癌 ;乙肝治疗 ;创新药 ;生物疫苗 ;流感 ;MSCI预期,沃森生物
"300142,300142,300142,300142,300142,300142,300142,300142,300142,300142,300142,300142,300142",,"沃森生物,沃森生物,沃森生物,沃森生物,沃森生物,沃森生物,沃森生物,沃森生物,沃森生物,沃森生物,沃森生物,沃森生物,沃森生物"
002023,更多芯片概念 ;军民融合 ;现代服务业 ;砷化镓 ;私人飞机 ;融资融券 ;深股通 ;转融券标的 ;芯片制造 ;集成电路概念 ;通用航空 ;军工 ;5G ;年报预增 ;科创板预期 ;空铁WIFI,海特高新
300173,更多环保包装 ;军工 ;3D玻璃 ;工业4.0 ;机器人概念 ;工业机器人 ;国资驰援 ;股权转让 ;地方国资改革 ;广东国资改革,智慧松德
"300173,300173,300173,300173,300173,300173,300173,300173,300173,300173,300173,300173,300173,300173,300173,300173",,"智慧松德,智慧松德,智慧松德,智慧松德,智慧松德,智慧松德,智慧松德,智慧松德,智慧松德,智慧松德,智慧松德,智慧松德,智慧松德,智慧松德,智慧松德,智慧松德"
600390,更多参股保险 ;融资租赁 ;新能源汽车 ;特斯拉 ;金属锰 ;参股券商 ;稀土永磁 ;锌二氧化锰 ;超硬材料 ;锂电池 ;电解锰 ;镍氢电池 ;正极材料 ;新材料概念 ;小金属概念 ;创投 ;期货概念 ;央企国资改革 ;信托概念,五矿资本
"600390,600390,600390,600390",,"五矿资本,五矿资本,五矿资本,五矿资本"
000407,更多转基因 ;充电桩 ;股权转让 ;页岩气 ;天然气 ;年报预增 ;地下管网,胜利股份
"000407,000407,000407,000407,000407,000407",,"胜利股份,胜利股份,胜利股份,胜利股份,胜利股份,胜利股份"
300302,更多数据存储 ;云计算 ;去IOE ;军工 ;电子信息 ;灾备存储 ;大数据 ;存储芯片 ;芯片概念,同有科技
"300302,300302,300302,300302,300302,300302,300302,300302,300302,300302,300302,300302,300302,300302,300302",,"同有科技,同有科技,同有科技,同有科技,同有科技,同有科技,同有科技,同有科技,同有科技,同有科技,同有科技,同有科技,同有科技,同有科技,同有科技"
600333,更多供气 ;抗寒 ;西气东输 ;中朝贸易区 ;融资融券 ;转融券标的 ;振兴东北 ;LNG加气站 ;吉林国资改革 ;地方国资改革 ;天然气,长春燃气
600333,,长春燃气
600111,更多参股新三板 ;稀缺资源 ;稀土整合 ;再生金属 ;MSCI概念 ;稀有金属 ;融资融券 ;沪股通 ;新材料概念 ;转融券标的 ;地方国资改革 ;小金属概念 ;稀土永磁,北方稀土
"600111,600111,600111,600111,600111,600111",,"北方稀土,北方稀土,北方稀土,北方稀土,北方稀土,北方稀土"
603322,智能表 ;物联网 ;5G ;边缘计算,超讯通信
"603322,603322,603322",,"超讯通信,超讯通信,超讯通信"
002549,更多洞庭湖生态经济区 ;碳交易 ;在线教育 ;人工降雨 ;节能环保 ;年报预增 ;机构重仓 ;氢能源,凯美特气
"002549,002549,002549,002549,002549,002549,002549,002549,002549,002549,002549,002549,002549,002549,002549,002549,002549",,"凯美特气,凯美特气,凯美特气,凯美特气,凯美特气,凯美特气,凯美特气,凯美特气,凯美特气,凯美特气,凯美特气,凯美特气,凯美特气,凯美特气,凯美特气,凯美特气,凯美特气"
600348,更多低碳 ;稀缺煤 ;融资融券 ;沪股通 ;转融券标的 ;煤层气 ;煤化工 ;地方国资改革 ;MSCI预期 ;证金持股 ;山西国资改革,阳泉煤业
"600348,600348,600348",,"阳泉煤业,阳泉煤业,阳泉煤业"
000830,更多三氯甲烷 ;甲醇 ;磷化工 ;抗旱 ;融资融券 ;生态农业 ;深股通 ;转融券标的 ;聚碳酸酯 ;乡村振兴 ;有机硅 ;尿素 ;地方国资改革 ;煤化工 ;化肥 ;MSCI预期 ;双氧水 ;证金持股,鲁西化工
"000830,000830,000830",,"鲁西化工,鲁西化工,鲁西化工"
300161,更多高端装备 ;武汉光谷 ;埃博拉概念 ;阿里巴巴概念 ;3D打印 ;职业教育 ;机床制造 ;高校 ;工业4.0 ;工业机器人 ;机器人概念 ;新能源汽车 ;工业互联网 ;数字孪生,华中数控
"300161,300161,300161,300161,300161,300161,300161",,"华中数控,华中数控,华中数控,华中数控,华中数控,华中数控,华中数控"
600971,更多油价上调 ;动力煤 ;融资融券 ;沪股通 ;转融券标的 ;安徽国资改革 ;地方国资改革 ;证金持股,恒源煤电
"600971,600971,600971",,"恒源煤电,恒源煤电,恒源煤电"
300409,更多锂矿 ;深股通 ;石墨烯 ;碳纳米管 ;锂电原料 ;正极材料 ;钴 ;锂电池 ;小金属概念 ;供应链金融,道氏技术
"300409,300409,300409,300409,300409,300409,300409,300409,300409,300409,300409,300409,300409,300409",,"道氏技术,道氏技术,道氏技术,道氏技术,道氏技术,道氏技术,道氏技术,道氏技术,道氏技术,道氏技术,道氏技术,道氏技术,道氏技术,道氏技术"
000713,更多早籼稻 ;玉米种业 ;棉 ;黄豆 ;普麦 ;强麦 ;晚籼稻 ;农业供给侧改革 ;超级稻 ;三农 ;粳稻 ;贸易战受益股 ;生物育种 ;化肥 ;地方国资改革 ;乡村振兴 ;转基因 ;年报预增 ;安徽国资改革 ;大豆 ;玉米 ;草甘膦 ;一带一路 ;农村电商,丰乐种业
"000713,000713,000713,000713,000713,000713",,"丰乐种业,丰乐种业,丰乐种业,丰乐种业,丰乐种业,丰乐种业"
600536,更多智慧党建 ;去IOE ;央企控股 ;智能终端 ;云服务 ;电子信息 ;透明计算 ;融资融券 ;沪股通 ;核高基 ;转融券标的 ;云计算 ;网络安全 ;国产软件 ;中字头股票 ;央企国资改革 ;腾讯概念 ;智慧城市 ;证金持股,中国软件
"600536,600536,600536,600536,600536,600536,600536",,"中国软件,中国软件,中国软件,中国软件,中国软件,中国软件,中国软件"
002577,更多百度概念 ;手势识别 ;王者荣耀 ;体感交互 ;融资融券 ;转融券标的 ;机器人概念 ;无人机 ;无线充电,雷柏科技
002577,,雷柏科技
600332,更多狂犬病 ;南沙新区 ;情人节 ;达菲 ;疟疾 ;医疗改革 ;三旧改造 ;青蒿素 ;禽流感 ;MSCI概念 ;阿里巴巴概念 ;融资融券 ;沪股通 ;医药电商 ;转融券标的 ;生物医药 ;老字号 ;医保目录 ;乙肝治疗 ;中医药 ;健康中国 ;国产伟哥 ;广东国资改革 ;地方国资改革 ;医疗器械概念 ;创新药 ;保健品 ;饮料 ;年报预增 ;证金持股 ;超级真菌 ;机构重仓,白云山
600332,,白云山
300733,--,西菱动力
"300733,300733,300733",,"西菱动力,西菱动力,西菱动力"
300547,新能源汽车 ;军工 ;高送转,川环科技
300547,,川环科技
002729,证金持股,好利来
"002729,002729,002729",,"好利来,好利来,好利来"
002375,更多幕墙 ;特种玻璃 ;高铁 ;虚拟现实 ;建筑节能 ;钢结构 ;装配式建筑 ;智能建筑 ;融资融券 ;深股通 ;转融券标的 ;迪士尼 ;智能家居 ;超级高铁 ;3D打印,亚厦股份
"002375,002375,002375,002375,002375,002375,002375,002375,002375,002375,002375,002375,002375,002375,002375,002375,002375,002375,002375,002375",,"亚厦股份,亚厦股份,亚厦股份,亚厦股份,亚厦股份,亚厦股份,亚厦股份,亚厦股份,亚厦股份,亚厦股份,亚厦股份,亚厦股份,亚厦股份,亚厦股份,亚厦股份,亚厦股份,亚厦股份,亚厦股份,亚厦股份,亚厦股份"
300114,更多军民融合 ;仪电仪表 ;雷达 ;嫦娥概念 ;机器人概念 ;智能穿戴 ;传感器 ;工业机器人 ;军工 ;中航系 ;央企国资改革 ;机构重仓,中航电测
300556,更多虚拟现实 ;增强现实 ;雄安新区 ;数字视觉 ;文化传媒 ;阿里巴巴概念 ;机器视觉 ;年报预增 ;国产软件,丝路视觉
"300556,300556,300556",,"丝路视觉,丝路视觉,丝路视觉"
300518,网络游戏 ;手机游戏,盛讯达
"300518,300518,300518",,"盛讯达,盛讯达,盛讯达"
002196,更多节能电机 ;小额贷款 ;新能源物流车 ;电机电控 ;新能源汽车,方正电机
002196,,方正电机
600227,更多创投 ;参股民营银行 ;物流骨干网 ;煤化工 ;生物医药 ;抗癌 ;抗肿瘤 ;中医药 ;干细胞 ;尿素 ;硫磺 ;硫酸铵 ;保健品 ;医疗器械概念 ;甲醇 ;年报预增,圣济堂
000532,更多IPV6 ;横琴新区 ;重金属治理 ;元器件 ;互联网平台 ;参股新三板 ;广东国资改革 ;珠海国资改革 ;地方国资改革 ;独角兽概念 ;创投 ;石墨烯,华金资本
"000532,000532,000532,000532",,"华金资本,华金资本,华金资本,华金资本"
002659,更多股权转让 ;职业教育 ;北京国资改革 ;地方国资改革 ;深股通,凯文教育
"002659,002659,002659,002659,002659,002659,002659,002659,002659,002659",,"凯文教育,凯文教育,凯文教育,凯文教育,凯文教育,凯文教育,凯文教育,凯文教育,凯文教育,凯文教育"
603066,双十一 ;智能物流,音飞储存
"603066,603066,603066",,"音飞储存,音飞储存,音飞储存"
600728,更多智能终端 ;空铁WIFI ;互联网银行 ;电子信息 ;反恐 ;融资融券 ;机器视觉 ;数据存储 ;独角兽概念 ;阿里巴巴概念 ;蚂蚁金服概念 ;大数据 ;安防 ;智慧城市 ;轨道交通 ;核高基 ;转融券标的 ;人工智能 ;人脸识别 ;云计算 ;智能交通 ;东盟自贸区 ;无人零售 ;移动支付 ;沪股通 ;超清视频,佳都科技
"600728,600728,600728,600728,600728,600728,600728,600728,600728,600728,600728",,"佳都科技,佳都科技,佳都科技,佳都科技,佳都科技,佳都科技,佳都科技,佳都科技,佳都科技,佳都科技,佳都科技"
601028,更多中巴经济走廊 ;煤层气 ;天然气管道 ;油气管网 ;西气东输 ;地下管网 ;一带一路 ;正极材料 ;锂电池 ;石墨烯,玉龙股份
"601028,601028,601028,601028",,"玉龙股份,玉龙股份,玉龙股份,玉龙股份"
000060,更多铟 ;裸眼3D ;稀缺资源 ;MSCI概念 ;锗涨价 ;锌 ;电子商务 ;涉矿 ;铅 ;融资融券 ;白银 ;深股通 ;钴 ;稀有金属 ;转融券标的 ;地方国资改革 ;小金属概念 ;广东国资改革,中金岭南
"000060,000060,000060,000060,000060,000060,000060,000060",,"中金岭南,中金岭南,中金岭南,中金岭南,中金岭南,中金岭南,中金岭南,中金岭南"
603399,更多辉钼 ;钼 ;文化传媒 ;小金属概念 ;百度概念 ;影视娱乐,吉翔股份
"603399,603399",,"吉翔股份,吉翔股份"
600156,更多参股券商 ;新材料概念 ;土地增值 ;湖南国资改革 ;地方国资改革,华升股份
"600156,600156",,"华升股份,华升股份"
603421,更多智能电网 ;沪股通 ;芯片概念 ;物联网应用层 ;物联网,鼎信通讯
"603421,603421",,"鼎信通讯,鼎信通讯"
603138,大数据 ;云计算 ;数据存储,海量数据
"603138,603138,603138",,"海量数据,海量数据,海量数据"
"002170,002170,002170,002170,002170",,"芭田股份,芭田股份,芭田股份,芭田股份,芭田股份"
603938,光纤 ;氢能源,三孚股份
300232,更多合同能源管理 ;节能照明 ;世界杯 ;粤港澳大湾区 ;深股通 ;小间距LED ;兜底增持 ;超清视频 ;边缘计算,洲明科技
"300232,300232,300232,300232,300232,300232,300232,300232,300232,300232",,"洲明科技,洲明科技,洲明科技,洲明科技,洲明科技,洲明科技,洲明科技,洲明科技,洲明科技,洲明科技"
002028,更多特高压 ;节能电机 ;仪电仪表 ;军工 ;电动汽车 ;智能电网 ;中巴经济走廊 ;超级电容 ;低碳 ;轨道交通 ;融资融券 ;深股通 ;转融券标的 ;芯片概念 ;充电桩 ;储能 ;电力物联网,思源电气
"002028,002028,002028",,"思源电气,思源电气,思源电气"
601108,更多沪股通 ;浙江国资改革 ;地方国资改革 ;期货概念 ;融资融券 ;转融券标的 ;蚂蚁金服概念 ;MSCI预期,财通证券
"601108,601108",,"财通证券,财通证券"
002935,更多新股与次新股 ;军工 ;卫星导航 ;5G ;中国电科系 ;央企国资改革 ;军民融合 ;华为概念 ;高送转预期,天奥电子
"002935,002935",,"天奥电子,天奥电子"
002249,更多特斯拉 ;节能电机 ;深股通 ;电机电控 ;新能源汽车 ;燃料电池 ;商誉减值 ;氢能源,大洋电机
"002249,002249,002249",,"大洋电机,大洋电机,大洋电机"
601678,更多绿色建筑 ;制冷剂 ;小额贷款 ;军民融合 ;股权转让 ;融资融券 ;参股保险 ;沪股通 ;转融券标的 ;液氯 ;环氧丙烷 ;烧碱 ;燃料电池 ;氢能源 ;煤化工,滨化股份
"601678,601678,601678,601678,601678,601678",,"滨化股份,滨化股份,滨化股份,滨化股份,滨化股份,滨化股份"
"600815,600815,600815",,"厦工股份,厦工股份,厦工股份"
002111,更多私人飞机 ;环渤海 ;除雪概念 ;军工 ;消防装备 ;通用航空 ;无人机 ;年报预增,威海广泰
"002111,002111,002111,002111,002111,002111,002111,002111",,"威海广泰,威海广泰,威海广泰,威海广泰,威海广泰,威海广泰,威海广泰,威海广泰"
600036,更多招商系 ;MSCI概念 ;融资融券 ;沪股通 ;转融券标的 ;优先股概念 ;安邦系,招商银行
"600036,600036,600036,600036",,"招商银行,招商银行,招商银行,招商银行"
603266,--,天龙股份
"603266,603266,603266,603266",,"天龙股份,天龙股份,天龙股份,天龙股份"
603679,节能照明 ;新能源汽车 ;华为汽车 ;5G,华体科技
"603679,603679,603679,603679,603679,603679",,"华体科技,华体科技,华体科技,华体科技,华体科技,华体科技"
002534,更多分布式燃气发电 ;固废处理 ;分布式发电 ;余热发电 ;天然气锅炉 ;垃圾发电 ;节能环保 ;创投 ;核电 ;一带一路 ;机构重仓,杭锅股份
300231,更多智慧城市 ;互联网银行 ;参股新三板 ;大数据 ;华为概念,银信科技
"300231,300231,300231,300231,300231,300231,300231",,"银信科技,银信科技,银信科技,银信科技,银信科技,银信科技,银信科技"
002842,钨 ;小金属概念 ;年报预增 ;高送转,翔鹭钨业
"002842,002842",,"翔鹭钨业,翔鹭钨业"
603085,工业4.0 ;航空航天,天成自控
"603085,603085,603085,603085,603085",,"天成自控,天成自控,天成自控,天成自控,天成自控"
"002279,002279,002279,002279,002279,002279,002279,002279,002279",,"久其软件,久其软件,久其软件,久其软件,久其软件,久其软件,久其软件,久其软件,久其软件"
300373,更多深股通 ;太阳能 ;IGBT ;芯片概念 ;国产替代 ;白马股 ;集成电路概念,扬杰科技
"300373,300373,300373,300373,300373,300373,300373,300373,300373,300373,300373,300373,300373,300373,300373,300373,300373",,"扬杰科技,扬杰科技,扬杰科技,扬杰科技,扬杰科技,扬杰科技,扬杰科技,扬杰科技,扬杰科技,扬杰科技,扬杰科技,扬杰科技,扬杰科技,扬杰科技,扬杰科技,扬杰科技,扬杰科技"
000615,更多参股券商 ;粘胶短纤 ;养老概念 ;健康中国 ;特色小镇 ;雄安地产 ;雄安新区,京汉股份
"000615,000615,000615,000615,000615,000615,000615,000615",,"京汉股份,京汉股份,京汉股份,京汉股份,京汉股份,京汉股份,京汉股份,京汉股份"
300228,更多油改气 ;LNG汽车 ;海水淡化 ;页岩气 ;LNG动力船 ;高端装备 ;油气装备 ;LNG加气站 ;新能源整车 ;新能源汽车 ;天然气 ;燃料电池 ;氢能源,富瑞特装
"300228,300228,300228,300228,300228",,"富瑞特装,富瑞特装,富瑞特装,富瑞特装,富瑞特装"
002074,更多新能源 ;大上海 ;智能电网 ;仪电仪表 ;融资融券 ;深股通 ;正极材料 ;锂电制造 ;转融券标的 ;固态电池 ;北汽新能源 ;新能源汽车 ;充电桩 ;动力电池回收 ;锂电池 ;储能 ;MSCI预期,国轩高科
"002074,002074,002074,002074,002074",,"国轩高科,国轩高科,国轩高科,国轩高科,国轩高科"
600503,更多临近空间 ;储能 ;石墨烯手机 ;徐翔概念股 ;涉矿 ;融资融券 ;工业机器人 ;转融券标的 ;期货概念 ;机器人概念 ;石墨烯 ;恒大概念,华丽家族
"600503,600503,600503,600503,600503",,"华丽家族,华丽家族,华丽家族,华丽家族,华丽家族"
300004,PM2.5 ;核电 ;3D打印,南风股份
"300004,300004,300004,300004,300004,300004,300004",,"南风股份,南风股份,南风股份,南风股份,南风股份,南风股份,南风股份"
601328,更多浦东新区 ;MSCI概念 ;融资融券 ;沪股通 ;村镇银行 ;转融券标的 ;优先股概念 ;外汇局持股,交通银行
601328,,交通银行
600171,更多参股新三板 ;超级计算机 ;智能电网 ;央企控股 ;全息手机 ;电子标签 ;指纹技术 ;融资融券 ;沪股通 ;转融券标的 ;芯片设计 ;芯片概念 ;物联网感知层 ;集成电路概念 ;物联网 ;证金持股 ;央企国资改革,上海贝岭
"600171,600171,600171,600171",,"上海贝岭,上海贝岭,上海贝岭,上海贝岭"
000582,更多东盟北部湾 ;北部湾自贸区 ;深股通 ;一带一路 ;东盟自贸区 ;国改双百行动 ;地方国资改革,北部湾港
"000582,000582",,"北部湾港,北部湾港"
603908,体育产业 ;电子商务 ;人民币贬值受益,牧高笛
"603908,603908,603908",,"牧高笛,牧高笛,牧高笛"
000795,更多新材料概念 ;新能源 ;苹果概念 ;新能源汽车 ;小金属概念 ;稀土永磁,英洛华
"000795,000795,000795,000795,000795,000795,000795",,"英洛华,英洛华,英洛华,英洛华,英洛华,英洛华,英洛华"
000762,更多稀缺资源 ;锂矿 ;稀有金属 ;高岭土概念 ;融资融券 ;铬铁 ;锂电原料 ;钴 ;转融券标的 ;盐湖提锂 ;西藏国资改革 ;地方国资改革 ;小金属概念 ;锂电池 ;证金持股,西藏矿业
000762,,西藏矿业
601128,更多融资融券 ;沪股通 ;转融券标的 ;村镇银行 ;养老金持股,常熟银行
"601128,601128",,"常熟银行,常熟银行"
600237,更多蓝宝石 ;新材料概念 ;超级电容 ;金改 ;元器件 ;融资融券 ;转融券标的 ;壳资源 ;新能源汽车 ;富士康概念,铜峰电子
"600237,600237,600237,600237,600237,600237,600237",,"铜峰电子,铜峰电子,铜峰电子,铜峰电子,铜峰电子,铜峰电子,铜峰电子"
002280,更多参股新三板 ;供应链金融 ;电子信息 ;电子竞技 ;租售同权 ;智能家居 ;物流电商平台 ;跨境电商 ;智能穿戴 ;文化传媒 ;移动互联网 ;深股通 ;网络直播 ;影视娱乐 ;广告营销 ;贸易战受益股 ;VR设备 ;虚拟现实 ;国产软件 ;电子商务 ;智能物流 ;手机游戏 ;无人机 ;互联网金融 ;独角兽概念,联络互动
"002280,002280,002280,002280,002280,002280,002280,002280,002280,002280,002280,002280,002280,002280,002280,002280,002280,002280,002280,002280,002280",,"联络互动,联络互动,联络互动,联络互动,联络互动,联络互动,联络互动,联络互动,联络互动,联络互动,联络互动,联络互动,联络互动,联络互动,联络互动,联络互动,联络互动,联络互动,联络互动,联络互动,联络互动"
300264,更多数字电视 ;三网融合 ;在线教育 ;广播电视 ;虚拟现实 ;文化传媒,佳创视讯
"300264,300264,300264,300264,300264,300264,300264,300264,300264,300264",,"佳创视讯,佳创视讯,佳创视讯,佳创视讯,佳创视讯,佳创视讯,佳创视讯,佳创视讯,佳创视讯,佳创视讯"
600178,更多振兴东北 ;节能环保 ;北汽新能源 ;军工改制 ;中兵系,东安动力
"600178,600178,600178,600178",,"东安动力,东安动力,东安动力,东安动力"
300059,更多基金三方销售 ;期货概念 ;融资融券 ;互联网券商 ;金融信息服务 ;深股通 ;小额贷款 ;转融券标的 ;互联网+ ;互联网金融 ;MSCI预期,东方财富
"300059,300059,300059",,"东方财富,东方财富,东方财富"
000925,更多新材料概念 ;废气处理 ;PPP概念 ;高校 ;腾讯概念 ;二维码识别 ;轨道交通 ;节能环保 ;智能交通 ;污水处理 ;互联网+ ;华为概念 ;新基建,众合科技
"000925,000925,000925,000925,000925",,"众合科技,众合科技,众合科技,众合科技,众合科技"
002523,核电 ;湖南国资改革 ;地方国资改革 ;智慧停车,天桥起重
"002523,002523",,"天桥起重,天桥起重"
002387,更多鸡尾酒 ;元器件 ;深股通 ;全面屏 ;VR设备 ;智能穿戴 ;虚拟现实 ;OLED材料 ;OLED面板 ;OLED ;年报预增 ;柔性屏,维信诺
"002387,002387,002387,002387",,"维信诺,维信诺,维信诺,维信诺"
600240,更多健康中国 ;北京环球影城 ;养老概念 ;涉矿 ;融资融券 ;沪股通 ;转融券标的 ;医疗器械概念,华业资本
"600240,600240",,"华业资本,华业资本"
002088,更多新材料概念 ;气凝胶 ;低碳 ;岩棉 ;涉矾,鲁阳节能
"002088,002088",,"鲁阳节能,鲁阳节能"
000836,更多滨海新区 ;参股新三板 ;TMT ;增强现实 ;环渤海 ;工业用地 ;安防 ;电子信息 ;股权转让 ;光纤 ;光纤光缆 ;独角兽概念 ;无人驾驶 ;5G,富通鑫茂
"000836,000836,000836,000836",,"富通鑫茂,富通鑫茂,富通鑫茂,富通鑫茂"
600569,更多低碳 ;螺纹钢 ;河南国资改革 ;地方国资改革 ;科创板预期,安阳钢铁
600569,,安阳钢铁
002461,更多三旧改造 ;南沙新区 ;融资融券 ;深股通 ;转融券标的 ;商品新零售 ;新零售 ;世界杯 ;广东国资改革 ;地方国资改革 ;啤酒概念 ;年报预增 ;机构重仓,珠江啤酒
"002461,002461",,"珠江啤酒,珠江啤酒"
002333,更多沪台通 ;苹果概念 ;国际板 ;铝材加工 ;有色铝 ;台湾概念股,罗普斯金
"002333,002333,002333,002333",,"罗普斯金,罗普斯金,罗普斯金,罗普斯金"
601111,更多MSCI概念 ;五一出境游 ;春运 ;油价下调 ;航空租赁 ;央企控股 ;融资融券 ;沪股通 ;转融券标的 ;大消费 ;中字头股票 ;人民币升值 ;中航系 ;央企国资改革,中国国航
"601111,601111",,"中国国航,中国国航"
603666,更多机器人概念 ;新股与次新股 ;无人机 ;沪股通 ;白马股,亿嘉和
603666,,亿嘉和
300650,节能照明,太龙照明
"300650,300650,300650,300650,300650,300650,300650",,"太龙照明,太龙照明,太龙照明,太龙照明,太龙照明,太龙照明,太龙照明"
601398,更多MSCI概念 ;央视财经50 ;融资融券 ;沪股通 ;转融券标的 ;优先股概念 ;证金持股 ;外汇局持股,工商银行
"601398,601398,601398",,"工商银行,工商银行,工商银行"
002045,更多元器件 ;智能音箱 ;特斯拉 ;正极材料 ;锂电池 ;人民币贬值受益 ;家用电器 ;创投 ;苹果概念 ;新能源汽车,国光电器
"002045,002045,002045,002045",,"国光电器,国光电器,国光电器,国光电器"
600707,更多全息手机 ;石墨烯手机 ;陕西自贸区 ;新材料概念 ;触摸屏 ;西咸新区 ;融资融券 ;转融券标的 ;地方国资改革 ;OLED ;柔性屏,彩虹股份
"600707,600707,600707,600707,600707,600707",,"彩虹股份,彩虹股份,彩虹股份,彩虹股份,彩虹股份,彩虹股份"
600122,更多参股券商 ;岩棉 ;参股民营银行 ;小额贷款 ;电子信息 ;腾讯概念 ;融资融券 ;沪股通 ;转融券标的 ;智能穿戴 ;新零售 ;移动支付,宏图高科
"600122,600122",,"宏图高科,宏图高科"
600764,更多三网融合 ;电子信息 ;雄安新区 ;央企控股 ;量子通信 ;新能源汽车 ;数字电视 ;移动支付 ;新媒体 ;集成电路概念 ;国产航母 ;军工 ;央企国资改革 ;紫光系 ;机构重仓,中国海防
"600764,600764",,"中国海防,中国海防"
002606,大连自贸区 ;智能电网 ;特高压 ;壳资源,大连电瓷
"002606,002606,002606,002606",,"大连电瓷,大连电瓷,大连电瓷,大连电瓷"
000595,军工 ;轨道交通 ;新基建,宝塔实业
"000595,000595,000595,000595,000595,000595",,"宝塔实业,宝塔实业,宝塔实业,宝塔实业,宝塔实业,宝塔实业"
300127,更多永磁高铁 ;成渝特区 ;特斯拉 ;超级高铁 ;稀土永磁 ;证金持股,银河磁体
"300127,300127",,"银河磁体,银河磁体"
300702,哮喘 ;年报预增,天宇股份
"300702,300702,300702,300702",,"天宇股份,天宇股份,天宇股份,天宇股份"
600209,更多东盟北部湾 ;新型城镇化 ;ST板块 ;三沙 ;土地增值 ;土地流转 ;海南旅游岛 ;聚土地概念 ;元器件 ;海南自贸区,*ST罗顿
"600209,600209,600209,600209,600209,600209,600209",,"*ST罗顿,*ST罗顿,*ST罗顿,*ST罗顿,*ST罗顿,*ST罗顿,*ST罗顿"
000338,更多新型城镇化 ;高端装备 ;LNG动力船 ;MSCI概念 ;柴油发电 ;节能环保 ;低碳 ;融资融券 ;深股通 ;转融券标的 ;新能源整车 ;新能源汽车 ;燃料电池 ;证金持股,潍柴动力
"000338,000338,000338,000338,000338,000338,000338",,"潍柴动力,潍柴动力,潍柴动力,潍柴动力,潍柴动力,潍柴动力,潍柴动力"
300230,更多小米概念 ;特斯拉 ;白马股 ;煤化工 ;长三角一体化,永利股份
"300230,300230,300230,300230,300230,300230",,"永利股份,永利股份,永利股份,永利股份,永利股份,永利股份"
300515,物联网应用层 ;物联网 ;电力物联网 ;养老金持股,三德科技
"300515,300515,300515,300515,300515,300515",,"三德科技,三德科技,三德科技,三德科技,三德科技,三德科技"
002128,更多抗寒 ;中电投合并 ;动力煤 ;抗旱 ;融资融券 ;深股通 ;转融券标的 ;光伏概念 ;有色铝 ;证金持股 ;风电,露天煤业
"002128,002128,002128,002128",,"露天煤业,露天煤业,露天煤业,露天煤业"
600903,天然气,贵州燃气
"600903,600903,600903",,"贵州燃气,贵州燃气,贵州燃气"
600711,更多互联网金融 ;供应链金融 ;沪锡 ;锂电池 ;黄金租赁 ;融资租赁 ;融资融券 ;沪股通 ;铜 ;锌 ;转融券标的 ;钴 ;涉矿 ;中非合作 ;小金属概念 ;黄金概念 ;外资券商影子股,盛屯矿业
"600711,600711,600711,600711,600711,600711,600711,600711,600711,600711,600711,600711,600711,600711,600711",,"盛屯矿业,盛屯矿业,盛屯矿业,盛屯矿业,盛屯矿业,盛屯矿业,盛屯矿业,盛屯矿业,盛屯矿业,盛屯矿业,盛屯矿业,盛屯矿业,盛屯矿业,盛屯矿业,盛屯矿业"
601101,更多稀缺煤 ;融资融券 ;转融券标的 ;煤化工 ;北京国资改革 ;地方国资改革 ;甲醇,昊华能源
601101,,昊华能源
600309,更多国开行 ;岩棉 ;绿色建筑 ;己二酸 ;低碳 ;环渤海 ;融资融券 ;聚碳酸酯 ;沪股通 ;建筑节能 ;转融券标的 ;新材料概念 ;TDI ;MDI ;环氧丙烷 ;乙烯 ;地方国资改革 ;外汇局持股 ;白马股 ;山东国资改革 ;煤化工,万华化学
600309,,万华化学
600861,新零售 ;商超百货 ;北京国资改革 ;地方国资改革,北京城乡
600861,,北京城乡
300093,更多网络视频 ;新能源 ;虚拟现实 ;保障房 ;移动互联网 ;新型城镇化 ;分布式发电 ;建筑节能 ;全息手机 ;幕墙 ;互联网+ ;玻璃,金刚玻璃
"300093,300093,300093,300093",,"金刚玻璃,金刚玻璃,金刚玻璃,金刚玻璃"
600105,更多电子信息 ;量子通信 ;宽带中国 ;光纤 ;网络安全 ;沪股通 ;光纤光缆 ;超导 ;一带一路 ;大数据 ;新基建 ;5G ;长三角一体化,永鼎股份
"600105,600105,600105,600105,600105,600105,600105",,"永鼎股份,永鼎股份,永鼎股份,永鼎股份,永鼎股份,永鼎股份,永鼎股份"
300058,更多参股新三板 ;互联网平台 ;TMT ;文化传媒 ;智能汽车 ;融资融券 ;股权转让 ;深股通 ;广告营销 ;转融券标的 ;服务机器人 ;数字营销 ;Facebook概念 ;大数据 ;机器人概念 ;互联网+ ;年报预增,蓝色光标
"300058,300058,300058,300058,300058,300058,300058,300058,300058,300058,300058,300058,300058",,"蓝色光标,蓝色光标,蓝色光标,蓝色光标,蓝色光标,蓝色光标,蓝色光标,蓝色光标,蓝色光标,蓝色光标,蓝色光标,蓝色光标,蓝色光标"
002008,更多深紫外光 ;智能终端 ;养老概念 ;国家科技大会 ;引力波 ;光纤 ;央视财经50 ;蓝宝石 ;3D打印 ;融资融券 ;全面屏 ;苹果概念 ;深股通 ;转融券标的 ;激光器 ;节能照明 ;MSCI概念 ;锂电池 ;机器人概念 ;OLED设备制造 ;OLED ;白马股 ;宁德时代概念 ;消费电子,大族激光
"002008,002008",,"大族激光,大族激光"
300387,节水灌溉 ;生态农业 ;化肥,富邦股份
"300387,300387,300387",,"富邦股份,富邦股份,富邦股份"
002418,锂电池 ;新能源物流车 ;新能源汽车 ;燃料电池,康盛股份
"002418,002418,002418,002418,002418,002418,002418,002418,002418",,"康盛股份,康盛股份,康盛股份,康盛股份,康盛股份,康盛股份,康盛股份,康盛股份,康盛股份"
600997,更多涉矿 ;动力煤 ;稀缺煤 ;地方国资改革 ;焦炭 ;煤化工 ;甲醇 ;年报预增 ;证金持股,开滦股份
000677,粘胶短纤 ;壳资源,恒天海龙
"000677,000677,000677,000677,000677",,"恒天海龙,恒天海龙,恒天海龙,恒天海龙,恒天海龙"
600015,更多融资融券 ;沪股通 ;转融券标的 ;优先股概念 ;MSCI预期 ;外汇局持股,华夏银行
600015,,华夏银行
600598,更多玉米 ;早籼稻 ;电子商务 ;聚土地概念 ;土地增值 ;普麦 ;振兴东北 ;黄豆 ;强麦 ;粳稻 ;物流电商平台 ;有机食品 ;农业供给侧改革 ;融资融券 ;生态农业 ;沪股通 ;转融券标的 ;贸易战受益股 ;区块链应用 ;大豆 ;土地流转 ;区块链 ;乡村振兴 ;农垦改革 ;农业种植 ;央企国资改革 ;MSCI预期 ;证金持股,北大荒
600598,,北大荒
300600,更多军民融合 ;国产航母 ;成泉资本持股 ;军工 ;高送转,瑞特股份
"300600,300600,300600",,"瑞特股份,瑞特股份,瑞特股份"
300177,更多3D打印 ;卫星导航 ;轨道交通 ;虚拟现实 ;引力波 ;遥感技术 ;VR设备 ;芯片概念 ;地理信息 ;无人驾驶 ;无人机 ;国产软件 ;高送转,中海达
"300177,300177,300177",,"中海达,中海达,中海达"
002951,新股与次新股,金时科技
"002951,002951,002951,002951,002951,002951,002951,002951,002951,002951",,"金时科技,金时科技,金时科技,金时科技,金时科技,金时科技,金时科技,金时科技,金时科技,金时科技"
600355,更多中部崛起 ;数字电视 ;智能电视 ;语音技术 ;电子信息 ;东湖高新园区 ;物联网平台层 ;物联网 ;壳资源 ;新基建 ;OLED,精伦电子
000567,更多三沙 ;海南旅游岛 ;金改 ;土地增值 ;东盟北部湾 ;海南自贸区 ;债转股 ;深股通,海德股份
002839,村镇银行 ;深股通,张家港行
002839,,张家港行
600703,更多激光器 ;智能终端 ;分布式发电 ;节能照明 ;MSCI概念 ;国家大基金持股 ;融资融券 ;沪股通 ;芯片材料 ;光伏概念 ;蓝宝石 ;芯片制造 ;转融券标的 ;芯片概念 ;砷化镓 ;集成电路概念,三安光电
"600703,600703,600703,600703,600703,600703,600703,600703,600703,600703,600703,600703,600703,600703,600703,600703,600703,600703,600703,600703,600703,600703,600703,600703,600703",,"三安光电,三安光电,三安光电,三安光电,三安光电,三安光电,三安光电,三安光电,三安光电,三安光电,三安光电,三安光电,三安光电,三安光电,三安光电,三安光电,三安光电,三安光电,三安光电,三安光电,三安光电,三安光电,三安光电,三安光电,三安光电"
300407,更多铁路基建 ;京津冀一体化 ;雄安新区 ;轨道交通 ;高铁 ;雄安交通,凯发电气
"300407,300407,300407,300407,300407,300407,300407,300407",,"凯发电气,凯发电气,凯发电气,凯发电气,凯发电气,凯发电气,凯发电气,凯发电气"
300330,更多交通一卡通 ;轨道交通 ;物联网感知层 ;物联网 ;地方国资改革 ;上海国资改革 ;国产软件 ;证金持股,华虹计通
300330,,华虹计通
600112,更多黔中经济区 ;融资租赁 ;互联网金融 ;稀有金属 ;智能电网 ;智慧城市 ;辉钼 ;仪电仪表 ;小额贷款 ;高端装备 ;涉矿 ;移动金融 ;参股保险 ;金属镍 ;钼 ;中非合作 ;互联网+ ;小金属概念 ;壳资源,天成控股
"600112,600112,600112,600112",,"天成控股,天成控股,天成控股,天成控股"
000776,更多互联网金融 ;MSCI概念 ;参股新三板 ;互联网券商 ;融资融券 ;深股通 ;转融券标的 ;互联网+ ;机构重仓,广发证券
"000776,000776,000776,000776",,"广发证券,广发证券,广发证券,广发证券"
603131,更多工业4.0 ;新能源汽车 ;工业机器人 ;航天军工 ;军工 ;机器人概念 ;长三角一体化,上海沪工
"603131,603131,603131,603131",,"上海沪工,上海沪工,上海沪工,上海沪工"
601169,更多MSCI概念 ;融资融券 ;沪股通 ;转融券标的 ;优先股概念 ;村镇银行,北京银行
601169,,北京银行
600919,更多MSCI概念 ;融资融券 ;沪股通 ;转融券标的 ;优先股概念,江苏银行
600919,,江苏银行
"000528,000528",,"柳工,柳工"
002211,股权转让,宏达新材
002640,更多SDR概念 ;参股民营银行 ;小额贷款 ;深股通 ;股权转让 ;白马股 ;电子商务 ;跨境电商 ;融资融券 ;转融券标的 ;兜底增持 ;互联网金融 ;年报预增 ;MSCI预期 ;工业大麻,跨境通
"002640,002640,002640,002640,002640,002640,002640,002640,002640,002640,002640,002640,002640,002640,002640,002640,002640,002640,002640,002640,002640,002640,002640,002640,002640,002640,002640,002640,002640,002640,002640,002640,002640,002640,002640,002640,002640,002640,002640,002640,002640,002640,002640,002640,002640,002640,002640",,"跨境通,跨境通,跨境通,跨境通,跨境通,跨境通,跨境通,跨境通,跨境通,跨境通,跨境通,跨境通,跨境通,跨境通,跨境通,跨境通,跨境通,跨境通,跨境通,跨境通,跨境通,跨境通,跨境通,跨境通,跨境通,跨境通,跨境通,跨境通,跨境通,跨境通,跨境通,跨境通,跨境通,跨境通,跨境通,跨境通,跨境通,跨境通,跨境通,跨境通,跨境通,跨境通,跨境通,跨境通,跨境通,跨境通,跨境通"
300044,更多人脸识别 ;在线教育 ;绿色建筑 ;农村电商 ;轨道交通 ;智能建筑 ;乡村振兴 ;PPP概念 ;人工智能 ;服务机器人 ;机器人概念 ;云计算 ;互联网+ ;手机游戏 ;智慧城市 ;无人机 ;大数据,赛为智能
"300044,300044,300044,300044,300044,300044,300044,300044,300044,300044",,"赛为智能,赛为智能,赛为智能,赛为智能,赛为智能,赛为智能,赛为智能,赛为智能,赛为智能,赛为智能"
002201,更多玻璃纤维 ;特种玻璃 ;航空航天 ;新材料概念 ;壳资源,九鼎新材
"002201,002201,002201,002201,002201,002201",,"九鼎新材,九鼎新材,九鼎新材,九鼎新材,九鼎新材,九鼎新材"
002248,更多铁路基建 ;核电 ;煤化工 ;高端装备 ;机器人概念 ;机床制造,华东数控
"002248,002248,002248",,"华东数控,华东数控,华东数控"
300036,更多地下管网 ;无人驾驶 ;国产软件 ;智能交通 ;云服务 ;卫星导航 ;遥感技术 ;物流骨干网 ;深股通 ;地理信息 ;智慧城市 ;数字中国 ;中科院系 ;边缘计算,超图软件
"300036,300036,300036,300036,300036",,"超图软件,超图软件,超图软件,超图软件,超图软件"
600617,更多LNG加气站 ;山西国资改革 ;地方国资改革 ;天然气 ;年报预增 ;机构重仓,国新能源
"600617,600617,600617,600617,600617,600617,600617",,"国新能源,国新能源,国新能源,国新能源,国新能源,国新能源,国新能源"
300328,更多轻型合金 ;WIN升级 ;股权转让 ;新能源汽车 ;新材料概念 ;液态金属 ;5G ;国资驰援 ;特斯拉 ;地方国资改革 ;湖南国资改革 ;华为概念 ;年报预增,宜安科技
"300328,300328,300328,300328",,"宜安科技,宜安科技,宜安科技,宜安科技"
300608,更多移动互联网 ;大数据 ;5G ;区块链 ;人工智能 ;增强现实,思特奇
"300608,300608,300608,300608",,"思特奇,思特奇,思特奇,思特奇"
603661,健康中国 ;小米概念,恒林股份
600188,更多动力煤 ;涉矿 ;抗寒 ;稀缺煤 ;稀缺资源 ;油价上调 ;融资租赁 ;融资融券 ;沪股通 ;村镇银行 ;煤化工 ;转融券标的 ;白马股 ;醋酸 ;山东国资改革 ;地方国资改革 ;甲醇 ;MSCI预期 ;机构重仓,兖州煤业
"600188,600188,600188,600188",,"兖州煤业,兖州煤业,兖州煤业,兖州煤业"
000548,更多交通示范区 ;湖南自贸区 ;长江经济带 ;地方国资改革 ;湖南国资改革,湖南投资
000548,,湖南投资
002295,更多家用电器 ;国家科技大会 ;铜 ;股权转让 ;紫光系,精艺股份
"002295,002295",,"精艺股份,精艺股份"
600516,更多石墨烯手机 ;宝马概念 ;兰新白试验区 ;炭素 ;石灰石 ;锂电池 ;碳纤维 ;融资融券 ;沪股通 ;转融券标的 ;新材料概念 ;炭黑 ;白马股 ;粗苯 ;MSCI概念 ;石墨电极 ;证金持股 ;石墨烯 ;核电,方大炭素
"600516,600516,600516,600516,600516,600516,600516,600516",,"方大炭素,方大炭素,方大炭素,方大炭素,方大炭素,方大炭素,方大炭素,方大炭素"
002386,更多循环经济 ;石墨烯 ;融资租赁 ;增碳剂 ;黑磷 ;钛白粉 ;锂电池 ;扶贫开发 ;聚氯乙烯 ;地方国资改革 ;磷化工 ;PVC ;烧碱 ;年报预增 ;区块链,天原集团
"002386,002386,002386,002386,002386",,"天原集团,天原集团,天原集团,天原集团,天原集团"
000780,动力煤 ;证金持股 ;紫光系,平庄能源
"000780,000780,000780",,"平庄能源,平庄能源,平庄能源"
002807,农村金融 ;深股通,江阴银行
603693,,江苏新能
000831,更多稀土整合 ;电子商务 ;深股通 ;小金属概念 ;稀土永磁 ;央企国资改革 ;年报预增,五矿稀土
000831,,五矿稀土
601899,更多MSCI概念 ;稀缺资源 ;铜冶炼 ;稀有金属 ;融资融券 ;沪股通 ;铜 ;锌 ;转融券标的 ;一带一路 ;钴 ;人民币贬值受益 ;中非合作 ;地方国资改革 ;小金属概念 ;黄金概念 ;证金持股,紫金矿业
601899,,紫金矿业
"002265,002265,002265,002265,002265,002265,002265,002265",,"西仪股份,西仪股份,西仪股份,西仪股份,西仪股份,西仪股份,西仪股份,西仪股份"
603380,汽车电子 ;独角兽概念,易德龙
"603380,603380",,"易德龙,易德龙"
300014,更多新能源 ;移动电源 ;电子烟 ;智能电网 ;安防 ;融资融券 ;深股通 ;锂电制造 ;新能源汽车 ;转融券标的 ;储能 ;锂电池,亿纬锂能
"300014,300014,300014,300014,300014,300014,300014,300014,300014,300014,300014,300014,300014,300014",,"亿纬锂能,亿纬锂能,亿纬锂能,亿纬锂能,亿纬锂能,亿纬锂能,亿纬锂能,亿纬锂能,亿纬锂能,亿纬锂能,亿纬锂能,亿纬锂能,亿纬锂能,亿纬锂能"
002657,更多债转股 ;智慧城市 ;国产软件 ;NFC ;银联 ;二维码识别 ;移动互联网 ;区块链应用 ;互联网银行 ;征信 ;电子商务 ;互联网+ ;区块链 ;移动支付 ;互联网金融,中科金财
"002657,002657,002657,002657,002657,002657,002657,002657,002657,002657",,"中科金财,中科金财,中科金财,中科金财,中科金财,中科金财,中科金财,中科金财,中科金财,中科金财"
002215,更多参股保险 ;生物农药 ;国家科技大会 ;登革热 ;农村电商 ;P2P概念 ;百草枯 ;乡村振兴 ;深股通 ;农村金融 ;互联网金融 ;互联网+ ;工业大麻,诺普信
"002215,002215,002215,002215,002215,002215,002215,002215,002215,002215,002215,002215,002215,002215,002215,002215,002215",,"诺普信,诺普信,诺普信,诺普信,诺普信,诺普信,诺普信,诺普信,诺普信,诺普信,诺普信,诺普信,诺普信,诺普信,诺普信,诺普信,诺普信"
300253,更多互联网保险 ;融资融券 ;医学影像 ;深股通 ;国产软件 ;智慧城市 ;转融券标的 ;医保目录 ;互联网医疗 ;蚂蚁金服概念 ;人工智能 ;健康中国 ;智能医疗 ;互联网+ ;证金持股,卫宁健康
300253,,卫宁健康
603139,中医药 ;医保目录,康惠制药
603139,,康惠制药
002892,--,科力尔
"002892,002892,002892,002892,002892",,"科力尔,科力尔,科力尔,科力尔,科力尔"
"300703,300703,300703,300703,300703,300703,300703,300703,300703",,"创源文化,创源文化,创源文化,创源文化,创源文化,创源文化,创源文化,创源文化,创源文化"
000973,更多新能源 ;低碳 ;特斯拉 ;体感3D ;跨境电商 ;三旧改造 ;OLED ;分离膜 ;新材料概念 ;物流骨干网 ;线型 ;融资融券 ;锂电隔膜 ;转融券标的 ;地方国资改革 ;OLED材料 ;锂电池 ;证金持股 ;广东国资改革 ;煤化工,佛塑科技
000973,,佛塑科技
000150,更多智能医疗 ;健康中国 ;深股通 ;中医药 ;互联网+ ;民营医院 ;互联网医疗 ;养老概念,宜华健康
"000150,000150,000150,000150,000150,000150,000150,000150,000150,000150,000150,000150,000150",,"宜华健康,宜华健康,宜华健康,宜华健康,宜华健康,宜华健康,宜华健康,宜华健康,宜华健康,宜华健康,宜华健康,宜华健康,宜华健康"
600433,更多高岭土概念 ;三旧改造 ;东盟北部湾 ;人民币防伪 ;人民币升值 ;造纸转暖 ;新版人民币 ;融资融券 ;诚通系 ;转融券标的 ;纸浆 ;央企国资改革 ;年报预增,冠豪高新
"600433,600433",,"冠豪高新,冠豪高新"
600212,胶合板 ;铝材加工 ;股权转让 ;央企国资改革,江泉实业
"600212,600212,600212,600212",,"江泉实业,江泉实业,江泉实业,江泉实业"
603636,更多PPP概念 ;电子政务 ;互联网+ ;大数据 ;智慧城市 ;共享经济 ;数字中国 ;网络安全 ;年报预增 ;蚂蚁金服概念 ;科创板预期 ;国产软件 ;区块链,南威软件
"603636,603636,603636,603636,603636,603636,603636,603636",,"南威软件,南威软件,南威软件,南威软件,南威软件,南威软件,南威软件,南威软件"
600782,更多鄱阳湖经济区 ;保障房 ;螺纹钢 ;沪股通 ;融资融券 ;转融券标的 ;年报预增 ;MSCI预期 ;宝能系,新钢股份
600782,,新钢股份
600735,更多青岛自贸区 ;中韩自贸区 ;养老地产 ;老龄化 ;外贸 ;养老概念 ;期货概念 ;石墨烯,新华锦
"600735,600735,600735,600735,600735",,"新华锦,新华锦,新华锦,新华锦,新华锦"
002920,更多智能汽车 ;汽车电子 ;车联网 ;深股通 ;北汽新能源 ;蔚来汽车概念 ;广东国资改革 ;地方国资改革 ;无人驾驶 ;百度概念 ;白马股,德赛西威
"002920,002920",,"德赛西威,德赛西威"
000066,更多光伏概念 ;触摸屏 ;电子信息 ;车联网 ;TMT ;数字货币 ;深股通 ;挖矿设备 ;智慧城市 ;大数据 ;人工智能 ;谷歌概念 ;国改双百行动 ;军民融合 ;军工 ;云计算 ;区块链 ;网络安全 ;央企国资改革 ;海工装备 ;互联网医疗 ;MSCI预期,中国长城
"000066,000066,000066,000066",,"中国长城,中国长城,中国长城,中国长城"
600123,更多动力煤 ;低碳 ;太阳能 ;稀缺资源 ;稀缺煤 ;融资融券 ;沪股通 ;转融券标的 ;煤化工 ;车用尿素 ;地方国资改革 ;甲醇,兰花科创
600123,,兰花科创
002615,小额贷款 ;民营金融 ;浦东新区 ;迪士尼,哈尔斯
"002615,002615,002615,002615",,"哈尔斯,哈尔斯,哈尔斯,哈尔斯"
000955,更多三沙 ;口罩 ;军民融合 ;埃博拉概念 ;海南旅游岛 ;股权转让 ;健康中国 ;中医药 ;海南自贸区 ;壳资源 ;自由贸易港 ;工业大麻,欣龙控股
"000955,000955,000955,000955",,"欣龙控股,欣龙控股,欣龙控股,欣龙控股"
000751,更多锌电池 ;振兴东北 ;稀有金属 ;锌 ;铟 ;铜冶炼 ;参股保险 ;钴 ;小金属概念 ;证金持股,锌业股份
000751,,锌业股份
600518,更多融资租赁 ;MSCI概念 ;医疗改革 ;参股基金 ;融资融券 ;儿童医药医疗 ;沪股通 ;转融券标的 ;贸易战受益股 ;医保目录 ;冬虫夏草 ;人参 ;养老概念 ;中医药 ;健康中国 ;优先股概念 ;互联网+ ;医疗器械概念 ;证金持股 ;互联网医疗 ;民营医院 ;流感,康美药业
"600518,600518,600518,600518,600518,600518,600518,600518,600518",,"康美药业,康美药业,康美药业,康美药业,康美药业,康美药业,康美药业,康美药业,康美药业"
300153,更多新能源物流车 ;生物质能 ;仪电仪表 ;小额贷款 ;节能环保 ;核电 ;锂电池 ;锂电设备 ;新能源整车 ;新能源汽车 ;华为概念 ;长三角一体化,科泰电源
"300153,300153,300153,300153,300153",,"科泰电源,科泰电源,科泰电源,科泰电源,科泰电源"
300170,更多国产替代 ;网约车 ;大数据反恐 ;腾讯概念 ;融资融券 ;深股通 ;转融券标的 ;大数据 ;供应链金融 ;工业互联网 ;长三角一体化,汉得信息
"300170,300170,300170",,"汉得信息,汉得信息,汉得信息"
601699,更多油价上调 ;MSCI概念 ;稀缺煤 ;动力煤 ;融资融券 ;沪股通 ;转融券标的 ;地方国资改革 ;证金持股 ;山西国资改革 ;机构重仓,潞安环能
"601699,601699",,"潞安环能,潞安环能"
601900,文化传媒 ;平面媒体,南方传媒
"601900,601900",,"南方传媒,南方传媒"
300467,更多网络游戏 ;创投 ;王者荣耀 ;深股通 ;网络直播 ;移动互联网 ;广告营销 ;文化传媒 ;子弹短信 ;手机游戏 ;Facebook概念 ;腾讯概念 ;年报预增,迅游科技
"300467,300467,300467,300467,300467,300467,300467,300467,300467,300467,300467,300467,300467",,"迅游科技,迅游科技,迅游科技,迅游科技,迅游科技,迅游科技,迅游科技,迅游科技,迅游科技,迅游科技,迅游科技,迅游科技,迅游科技"
002119,更多徐翔概念股 ;移动支付 ;黄金暴跌受益 ;芯片概念 ;芯片材料 ;金属镍 ;小金属概念 ;集成电路概念,康强电子
002119,,康强电子
300245,更多电子信息 ;临港地区 ;大数据反恐 ;透明计算 ;马云概念 ;阿里巴巴概念 ;云通信 ;云计算 ;美团概念股 ;大数据 ;长三角一体化,天玑科技
300245,,天玑科技
601866,更多央企控股 ;MSCI概念 ;航运系 ;马云概念 ;上海自贸区 ;融资融券 ;一带一路 ;沪股通 ;转融券标的 ;航运港口 ;融资租赁 ;进口博览会 ;航运概念 ;中远系 ;机构重仓,中远海发
"601866,601866,601866,601866,601866,601866",,"中远海发,中远海发,中远海发,中远海发,中远海发,中远海发"
002918,陶瓷产品 ;白马股 ;养老金持股,蒙娜丽莎
"002918,002918,002918",,"蒙娜丽莎,蒙娜丽莎,蒙娜丽莎"
300641,新材料概念,正丹股份
300641,,正丹股份
002648,更多互联网金融 ;尿不湿 ;丙烷脱氢 ;二胎概念 ;两会 ;融资融券 ;深股通 ;聚丙烯 ;转融券标的 ;白马股 ;丙烯 ;丙烯酸 ;长三角一体化 ;氢能源 ;燃料电池,卫星石化
"002648,002648,002648,002648,002648,002648,002648,002648,002648,002648,002648,002648,002648,002648",,"卫星石化,卫星石化,卫星石化,卫星石化,卫星石化,卫星石化,卫星石化,卫星石化,卫星石化,卫星石化,卫星石化,卫星石化,卫星石化,卫星石化"
000811,更多融资融券 ;转融券标的 ;山东国资改革 ;地方国资改革 ;地热能 ;中韩自贸区 ;冷链物流 ;创投,冰轮环境
"000811,000811,000811,000811,000811",,"冰轮环境,冰轮环境,冰轮环境,冰轮环境,冰轮环境"
601388,更多危废处理 ;节能环保 ;固废处理 ;废品回收 ;再生金属 ;融资融券 ;转融券标的 ;有色铝 ;台湾概念股,怡球资源
601388,,怡球资源
300389,更多节能照明 ;足球概念 ;创投 ;年报预增 ;超清视频,艾比森
"300389,300389,300389,300389,300389",,"艾比森,艾比森,艾比森,艾比森,艾比森"
300184,更多元器件 ;智能穿戴 ;车联网 ;武汉光谷 ;电子商务 ;能源互联网 ;芯片概念 ;物联网 ;深股通 ;独角兽概念 ;5G ;科创板预期 ;电力物联网 ;高送转,力源信息
"300184,300184,300184,300184,300184",,"力源信息,力源信息,力源信息,力源信息,力源信息"
300109,更多抗癌 ;生物医药 ;细胞免疫治疗 ;干细胞 ;抗肿瘤 ;创新药 ;基因测序 ;体外诊断,新开源
"300109,300109,300109,300109,300109,300109,300109,300109,300109,300109,300109,300109",,"新开源,新开源,新开源,新开源,新开源,新开源,新开源,新开源,新开源,新开源,新开源,新开源"
600881,更多保障房 ;循环经济 ;抗癌 ;参股券商 ;中朝贸易区 ;体育产业 ;涉矿 ;融资融券 ;沪股通 ;转融券标的 ;医保目录 ;创新药 ;吉林国资改革 ;地方国资改革 ;水泥 ;足球概念 ;超级真菌,亚泰集团
"600881,600881,600881",,"亚泰集团,亚泰集团,亚泰集团"
600071,更多仪电仪表 ;地沟油概念 ;全息手机 ;食品安全 ;太赫兹 ;物联网 ;鄱阳湖经济区 ;安防 ;贸易战影响股 ;央企国资改革 ;黑洞概念 ;中国电科系,凤凰光学
"600071,600071,600071,600071",,"凤凰光学,凤凰光学,凤凰光学,凤凰光学"
300099,更多煤矿安全 ;空铁WIFI ;军民融合 ;区块链 ;军工 ;燃料电池 ;特高压 ;芯片概念,精准信息
"300099,300099,300099,300099,300099,300099,300099,300099,300099,300099,300099,300099,300099,300099,300099,300099,300099,300099,300099,300099,300099",,"精准信息,精准信息,精准信息,精准信息,精准信息,精准信息,精准信息,精准信息,精准信息,精准信息,精准信息,精准信息,精准信息,精准信息,精准信息,精准信息,精准信息,精准信息,精准信息,精准信息,精准信息"
603688,光纤,石英股份
603688,,石英股份
603386,小米概念,广东骏亚
"603386,603386",,"广东骏亚,广东骏亚"
000822,更多基因测序 ;烧碱 ;海水淡化 ;油品改革 ;食盐 ;溴素 ;深股通 ;白炭黑 ;硫酸钾 ;三聚氰胺 ;硝酸钠,山东海化
"000822,000822",,"山东海化,山东海化"
603316,特色小镇 ;园林开发 ;PPP概念,诚邦股份
"603316,603316,603316",,"诚邦股份,诚邦股份,诚邦股份"
300645,更多在线教育 ;交通一卡通 ;蚂蚁金服概念 ;移动支付 ;高送转 ;国产软件,正元智慧
"300645,300645,300645",,"正元智慧,正元智慧,正元智慧"
300032,更多触摸屏 ;虚拟现实 ;蓝宝石 ;骨传导 ;小米概念 ;智能穿戴 ;消费电子,金龙机电
"300032,300032,300032",,"金龙机电,金龙机电,金龙机电"
002153,更多电子信息 ;MSCI概念 ;融资融券 ;深股通 ;新零售 ;转融券标的 ;移动支付 ;美团概念股 ;电子商务 ;迪士尼 ;国产软件 ;阿里巴巴概念 ;云计算,石基信息
"002153,002153,002153,002153,002153",,"石基信息,石基信息,石基信息,石基信息,石基信息"
002224,更多军民融合 ;新能源汽车 ;橡胶 ;潜水运动 ;海工装备 ;高端装备 ;体育产业 ;量子通信 ;军工 ;MSCI预期,三力士
"002224,002224,002224",,"三力士,三力士,三力士"
000796,更多春运 ;奥运会 ;金改 ;在线旅游 ;移动互联网 ;融资租赁 ;深股通 ;游轮 ;冬奥会 ;体育产业 ;海航系,凯撒旅游
"000796,000796,000796,000796,000796,000796,000796,000796,000796,000796,000796,000796,000796",,"凯撒旅游,凯撒旅游,凯撒旅游,凯撒旅游,凯撒旅游,凯撒旅游,凯撒旅游,凯撒旅游,凯撒旅游,凯撒旅游,凯撒旅游,凯撒旅游,凯撒旅游"
600787,更多物流骨干网 ;天津自贸区 ;小额贷款 ;滨海新区 ;双十一 ;环渤海 ;融资融券 ;沪股通 ;诚通系 ;智能物流 ;转融券标的 ;国改双百行动 ;物流电商平台 ;冷链物流 ;京津冀一体化 ;央企国资改革 ;机构重仓,中储股份
"600787,600787,600787,600787,600787,600787",,"中储股份,中储股份,中储股份,中储股份,中储股份,中储股份"
002473,更多节能环保 ;循环经济 ;家用电器 ;壳资源 ;摘帽,圣莱达
"002473,002473,002473,002473,002473",,"圣莱达,圣莱达,圣莱达,圣莱达,圣莱达"
002243,更多迪士尼 ;食品包装 ;深圳国资改革 ;广东国资改革 ;地方国资改革 ;富勒烯 ;创投 ;年报预增 ;证金持股,通产丽星
"002243,002243,002243,002243",,"通产丽星,通产丽星,通产丽星,通产丽星"
300306,更多人脸识别 ;指纹技术 ;节能照明 ;虹膜识别 ;无人零售 ;移动支付 ;商誉减值,远方信息
"300306,300306,300306,300306",,"远方信息,远方信息,远方信息,远方信息"
600392,更多参股保险 ;低碳 ;融资融券 ;钛 ;转融券标的 ;沪股通 ;小金属概念 ;海南自贸区 ;稀土永磁 ;央企国资改革 ;MSCI预期,盛和资源
"600392,600392",,"盛和资源,盛和资源"
000413,更多华为概念 ;节能照明 ;电子信息 ;MSCI概念 ;3D玻璃 ;智能自行车 ;石墨烯手机 ;锂电池 ;融资融券 ;深股通 ;转融券标的 ;蓝宝石 ;新能源整车 ;机器人概念 ;高端装备 ;OLED面板 ;新能源汽车 ;石墨烯 ;OLED ;燃料电池,东旭光电
"000413,000413,000413,000413,000413,000413,000413",,"东旭光电,东旭光电,东旭光电,东旭光电,东旭光电,东旭光电,东旭光电"
603800,油气开采 ;人民币贬值受益 ;页岩气 ;年报预增,道森股份
"603800,603800,603800,603800,603800,603800",,"道森股份,道森股份,道森股份,道森股份,道森股份,道森股份"
000603,更多参股民营银行 ;锌 ;涉矿 ;铅 ;白银 ;深股通 ;文化传媒 ;小金属概念,盛达矿业
"000603,000603,000603,000603,000603,000603,000603,000603,000603",,"盛达矿业,盛达矿业,盛达矿业,盛达矿业,盛达矿业,盛达矿业,盛达矿业,盛达矿业,盛达矿业"
601068,更多新股与次新股 ;中字头股票 ;沪股通 ;央企国资改革 ;一带一路 ;工业大麻,中铝国际
601068,,中铝国际
300546,更多金融科技 ;交通一卡通 ;数字中国 ;网络安全 ;无人银行 ;智慧城市 ;蚂蚁金服概念,雄帝科技
"300546,300546,300546",,"雄帝科技,雄帝科技,雄帝科技"
600812,更多焦虑症 ;诺贝尔 ;手足口病 ;结核病 ;医疗改革 ;炭疽 ;眼科医疗 ;MERS概念 ;鼠疫 ;儿童医药医疗 ;医保目录 ;乙肝治疗 ;单抗 ;工业4.0 ;地方国资改革 ;生物疫苗 ;雄安金融 ;雄安新区 ;维生素 ;年报预增,华北制药
600812,,华北制药
002311,更多生态农业 ;国家科技大会 ;融资融券 ;深股通 ;转融券标的 ;猪肉 ;饲料 ;MSCI预期 ;机构重仓,海大集团
"002311,002311,002311,002311,002311",,"海大集团,海大集团,海大集团,海大集团,海大集团"
603979,磷化工,金诚信
"603979,603979",,"金诚信,金诚信"
300144,更多电子竞技 ;虚拟现实 ;网络视频 ;音乐产业 ;文化传媒 ;深股通 ;VR平台 ;白马股 ;海南自贸区 ;手机游戏 ;网络直播 ;动漫 ;MSCI预期 ;养老金持股 ;融资融券 ;转融券标的,宋城演艺
"300144,300144,300144,300144,300144",,"宋城演艺,宋城演艺,宋城演艺,宋城演艺,宋城演艺"
002693,更多抗癌 ;多肽药 ;仿制药 ;医保目录 ;海南自贸区,双成药业
"002693,002693,002693,002693,002693",,"双成药业,双成药业,双成药业,双成药业,双成药业"
600585,更多MSCI概念 ;交通示范区 ;保障房 ;新型城镇化 ;低碳 ;安徽自贸区 ;南水北调 ;融资融券 ;沪股通 ;转融券标的 ;安徽国资改革 ;地方国资改革 ;水泥 ;年报预增 ;地震,海螺水泥
600585,,海螺水泥
600367,更多类稀土 ;稀缺资源 ;锂电池 ;锌二氧化锰 ;正极材料 ;地方国资改革 ;小金属概念 ;山东国资改革,红星发展
002825,创投 ;年报预增 ;煤化工,纳尔股份
"002825,002825,002825,002825,002825",,"纳尔股份,纳尔股份,纳尔股份,纳尔股份,纳尔股份"
002465,更多专网通信 ;电子信息 ;虚拟现实 ;遥感技术 ;融资融券 ;深股通 ;军民融合 ;转融券标的 ;阅兵 ;MSCI概念 ;人工智能 ;卫星导航 ;航空航天 ;地方国资改革 ;物联网 ;军工 ;无人机 ;网络切片 ;广东国资改革,海格通信
"002465,002465,002465,002465,002465,002465,002465,002465,002465,002465,002465,002465",,"海格通信,海格通信,海格通信,海格通信,海格通信,海格通信,海格通信,海格通信,海格通信,海格通信,海格通信,海格通信"
600969,更多配电网 ;电力改革 ;地方国资改革 ;湖南国资改革 ;一带一路 ;地下管网 ;天然气 ;节能环保,郴电国际
"600969,600969,600969,600969",,"郴电国际,郴电国际,郴电国际,郴电国际"
600359,更多新疆建设兵团 ;维稳 ;新疆振兴 ;抗旱 ;棉 ;土地流转 ;奶牛养殖 ;棉花种植 ;地方国资改革 ;乡村振兴 ;乳业 ;农垦改革 ;农业种植 ;证金持股,新农开发
"600359,600359",,"新农开发,新农开发"
601666,更多低碳 ;稀缺煤 ;动力煤 ;光伏概念 ;融资融券 ;沪股通 ;转融券标的 ;河南国资改革 ;地方国资改革 ;证金持股,平煤股份
"601666,601666,601666,601666,601666,601666,601666",,"平煤股份,平煤股份,平煤股份,平煤股份,平煤股份,平煤股份,平煤股份"
000810,更多增强现实 ;数字电视 ;王者荣耀 ;虚拟现实 ;深股通 ;独角兽概念 ;芯片设计 ;智能电视 ;VR设备 ;智能家居 ;智能音箱 ;芯片概念 ;互联网电视 ;OLED显示模组 ;百度概念 ;家用电器 ;OLED ;5G ;年报预增 ;柔性屏 ;广播电视 ;超清视频 ;科创板IPO ;文化传媒,创维数字
"000810,000810,000810,000810,000810,000810,000810,000810,000810,000810,000810",,"创维数字,创维数字,创维数字,创维数字,创维数字,创维数字,创维数字,创维数字,创维数字,创维数字,创维数字"
300337,更多海工装备 ;新材料概念 ;军工 ;3D打印 ;股权转让 ;国产航母 ;有色铝,银邦股份
"300337,300337,300337,300337",,"银邦股份,银邦股份,银邦股份,银邦股份"
300078,更多云计算 ;安防 ;大数据 ;智能物流 ;食品安全 ;电子纸 ;检测认证 ;人工智能 ;健康中国 ;电子信息 ;深股通 ;智能医疗 ;贸易战影响股 ;物联网 ;物联网感知层 ;电子标签 ;互联网医疗 ;医药安全,思创医惠
"300078,300078,300078,300078,300078,300078",,"思创医惠,思创医惠,思创医惠,思创医惠,思创医惠,思创医惠"
300323,更多芯片概念 ;深股通 ;节能照明 ;芯片制造 ;白马股 ;物联网感知层 ;传感器 ;蓝宝石 ;物联网,华灿光电
"300323,300323,300323,300323,300323,300323,300323,300323,300323,300323,300323,300323,300323,300323,300323,300323,300323,300323,300323,300323,300323,300323,300323,300323,300323,300323,300323,300323,300323,300323,300323,300323,300323",,"华灿光电,华灿光电,华灿光电,华灿光电,华灿光电,华灿光电,华灿光电,华灿光电,华灿光电,华灿光电,华灿光电,华灿光电,华灿光电,华灿光电,华灿光电,华灿光电,华灿光电,华灿光电,华灿光电,华灿光电,华灿光电,华灿光电,华灿光电,华灿光电,华灿光电,华灿光电,华灿光电,华灿光电,华灿光电,华灿光电,华灿光电,华灿光电,华灿光电"
002608,更多电力改革 ;深股通 ;白马股 ;地方国资改革 ;信托概念 ;江苏国资改革 ;科创板IPO,江苏国信
"002608,002608,002608,002608,002608",,"江苏国信,江苏国信,江苏国信,江苏国信,江苏国信"
300399,互联网保险 ;互联网+ ;互联网金融,京天利
"300399,300399,300399",,"京天利,京天利,京天利"
000032,更多移动转售 ;高铁 ;节能照明 ;电子信息 ;仪电仪表 ;无线充电 ;安防 ;智慧城市 ;央企国资改革 ;年报预增 ;柔性屏,深桑达A
"000032,000032",,"深桑达A,深桑达A"
603516,安防 ;军工 ;超清视频,淳中科技
300490,更多工业4.0 ;污水处理 ;膜材料 ;军工 ;锂电池 ;锂电设备 ;宁德时代概念 ;年报预增,华自科技
"300490,300490,300490,300490,300490,300490,300490,300490,300490,300490,300490,300490,300490",,"华自科技,华自科技,华自科技,华自科技,华自科技,华自科技,华自科技,华自科技,华自科技,华自科技,华自科技,华自科技,华自科技"
002467,更多SAAS ;云通信 ;移动转售 ;小米概念 ;移动互联网 ;电子信息 ;在线教育 ;虚拟现实 ;虚拟运营商 ;融资融券 ;转融券标的 ;物联网 ;VR平台 ;物联网传输层 ;电信业整合 ;互联网+ ;网络直播 ;年报预增 ;高送转 ;区块链,二六三
"002467,002467,002467,002467,002467,002467",,"二六三,二六三,二六三,二六三,二六三,二六三"
600366,更多低碳 ;新材料概念 ;再生金属 ;磁悬浮 ;融资融券 ;沪股通 ;转融券标的 ;特斯拉 ;小金属概念 ;苹果概念 ;稀土永磁 ;创投,宁波韵升
"600366,600366",,"宁波韵升,宁波韵升"
300662,雄安新区,科锐国际
"300662,300662",,"科锐国际,科锐国际"
002559,更多3D打印 ;工业4.0 ;工业机器人 ;机器人概念 ;边缘计算,亚威股份
"002559,002559,002559",,"亚威股份,亚威股份,亚威股份"
"600030,600030,600030,600030,600030,600030",,"中信证券,中信证券,中信证券,中信证券,中信证券,中信证券"
300678,人工智能 ;物联网 ;中科院系 ;央企国资改革,中科信息
"300678,300678",,"中科信息,中科信息"
002545,更多特高压 ;青岛自贸区 ;钢结构 ;智能电网 ;通信基站 ;钾离子电池 ;线材 ;深股通 ;3D打印 ;风电 ;黑洞概念,东方铁塔
"002545,002545,002545,002545,002545,002545,002545,002545,002545,002545,002545,002545,002545,002545,002545,002545,002545",,"东方铁塔,东方铁塔,东方铁塔,东方铁塔,东方铁塔,东方铁塔,东方铁塔,东方铁塔,东方铁塔,东方铁塔,东方铁塔,东方铁塔,东方铁塔,东方铁塔,东方铁塔,东方铁塔,东方铁塔"
300422,更多海绵城市 ;PPP概念 ;土壤修复 ;白马股 ;雄安环保 ;污水处理 ;雄安新区 ;固废处理,博世科
"300422,300422,300422,300422,300422,300422,300422,300422,300422,300422,300422,300422",,"博世科,博世科,博世科,博世科,博世科,博世科,博世科,博世科,博世科,博世科,博世科,博世科"
600410,更多电子信息 ;去IOE ;IPV6 ;参股新三板 ;国产软件 ;灾备存储 ;参股民营银行 ;国产替代 ;数据存储 ;云服务 ;移动支付 ;透明计算 ;融资融券 ;沪股通 ;转融券标的 ;军民融合 ;冷链物流 ;电子政务 ;大数据 ;芯片设计 ;芯片概念 ;物联网感知层 ;机器学习 ;人工智能 ;智慧城市 ;阿里巴巴概念 ;云计算 ;物联网 ;工业互联网 ;军工 ;网络安全 ;透明工厂 ;科创板IPO,华胜天成
"600410,600410,600410,600410",,"华胜天成,华胜天成,华胜天成,华胜天成"
603113,更多焦炭 ;煤化工 ;沪股通 ;聚丙烯 ;粗苯 ;白炭黑 ;炭黑 ;年报预增 ;甲醇 ;氢能源,金能科技
"603113,603113,603113,603113,603113,603113,603113",,"金能科技,金能科技,金能科技,金能科技,金能科技,金能科技,金能科技"
300428,新材料概念 ;雄安新区 ;汽车制造概念 ;军工,四通新材
"300428,300428,300428,300428,300428,300428,300428,300428,300428,300428,300428,300428",,"四通新材,四通新材,四通新材,四通新材,四通新材,四通新材,四通新材,四通新材,四通新材,四通新材,四通新材,四通新材"
300468,更多国产软件 ;SDR概念 ;区块链应用 ;村镇银行 ;金融科技 ;国资驰援 ;区块链,四方精创
"300468,300468,300468,300468,300468,300468",,"四方精创,四方精创,四方精创,四方精创,四方精创,四方精创"
300350,更多双十一 ;物流骨干网 ;互联网金融 ;物联网平台层 ;物联网 ;国资驰援 ;新基建 ;商誉减值 ;区块链 ;智能物流,华鹏飞
"300350,300350,300350,300350,300350,300350,300350,300350,300350,300350,300350,300350,300350,300350,300350,300350,300350,300350",,"华鹏飞,华鹏飞,华鹏飞,华鹏飞,华鹏飞,华鹏飞,华鹏飞,华鹏飞,华鹏飞,华鹏飞,华鹏飞,华鹏飞,华鹏飞,华鹏飞,华鹏飞,华鹏飞,华鹏飞,华鹏飞"
002106,更多石墨烯 ;WIN升级 ;联想概念 ;新材料概念 ;全息手机 ;太阳能 ;智能终端 ;融资融券 ;转融券标的 ;人民币贬值受益 ;触摸屏 ;央企国资改革 ;柔性屏,莱宝高科
002106,,莱宝高科
600016,更多史玉柱概念 ;央视财经50 ;MSCI概念 ;融资融券 ;沪股通 ;转融券标的 ;安邦系,民生银行
"600016,600016,600016,600016,600016,600016,600016,600016,600016,600016,600016,600016,600016,600016,600016",,"民生银行,民生银行,民生银行,民生银行,民生银行,民生银行,民生银行,民生银行,民生银行,民生银行,民生银行,民生银行,民生银行,民生银行,民生银行"
002936,新股与次新股 ;深股通,郑州银行
300166,更多养老概念 ;移动金融 ;移动转售 ;大数据反恐 ;深股通 ;工业4.0 ;数据存储 ;区块链 ;国产软件 ;大数据 ;工业互联网 ;沪伦通预期 ;数字孪生 ;边缘计算,东方国信
"300166,300166,300166,300166,300166,300166,300166,300166,300166",,"东方国信,东方国信,东方国信,东方国信,东方国信,东方国信,东方国信,东方国信,东方国信"
300236,更多智能穿戴 ;硅晶圆 ;芯片材料 ;芯片设备 ;芯片制造 ;芯片概念 ;集成电路概念 ;独角兽概念 ;科创板预期,上海新阳
"300236,300236,300236,300236,300236,300236,300236",,"上海新阳,上海新阳,上海新阳,上海新阳,上海新阳,上海新阳,上海新阳"
"002136,002136,002136,002136",,"安纳达,安纳达,安纳达,安纳达"
000927,更多环渤海 ;滨海新区 ;汽车制造概念 ;央企控股 ;新能源汽车 ;央企国资改革,一汽夏利
"000927,000927,000927,000927,000927,000927,000927,000927,000927,000927,000927,000927",,"一汽夏利,一汽夏利,一汽夏利,一汽夏利,一汽夏利,一汽夏利,一汽夏利,一汽夏利,一汽夏利,一汽夏利,一汽夏利,一汽夏利"
300017,更多央视财经50 ;三网融合 ;流媒体 ;数据存储 ;电子信息 ;TMT ;宽带中国 ;融资融券 ;深股通 ;转融券标的 ;网络安全 ;人工智能 ;大数据 ;电信业整合 ;云计算 ;联通混改 ;短视频 ;独角兽概念 ;MSCI预期 ;边缘计算 ;紫光系 ;态势感知,网宿科技
"300017,300017,300017,300017",,"网宿科技,网宿科技,网宿科技,网宿科技"
603789,,星光农机
002242,更多分离膜 ;净水器 ;家用电器 ;智能家居 ;融资融券 ;深股通 ;电子商务 ;转融券标的 ;证金持股 ;机构重仓 ;养老金持股,九阳股份
"002242,002242,002242,002242",,"九阳股份,九阳股份,九阳股份,九阳股份"
002504,更多IGBT ;电子信息 ;特色小镇 ;虚拟现实 ;独角兽概念 ;创投 ;军工,弘高创意
"002504,002504",,"弘高创意,弘高创意"
600566,更多村镇银行 ;生物医药 ;融资融券 ;儿童医药医疗 ;沪股通 ;转融券标的 ;白马股 ;中医药 ;医保目录 ;MSCI预期 ;机构重仓,济川药业
"600566,600566",,"济川药业,济川药业"
600887,更多两会 ;MSCI概念 ;超级品牌 ;小额贷款 ;央视财经50 ;融资融券 ;沪股通 ;转融券标的 ;白马爆雷 ;大消费 ;二胎概念 ;乳业,伊利股份
"600887,600887,600887,600887",,"伊利股份,伊利股份,伊利股份,伊利股份"
300062,智能电网 ;新能源 ;轨道交通 ;充电桩,中能电气
"300062,300062,300062,300062,300062,300062,300062,300062,300062,300062,300062,300062",,"中能电气,中能电气,中能电气,中能电气,中能电气,中能电气,中能电气,中能电气,中能电气,中能电气,中能电气,中能电气"
600161,更多医疗改革 ;生物医药 ;融资融券 ;沪股通 ;转融券标的 ;血液制品 ;MSCI预期 ;超级真菌,天坛生物
600161,,天坛生物
002036,更多增强现实 ;苹果概念 ;3D玻璃 ;深股通 ;智能穿戴 ;VR设备 ;虚拟现实 ;集成电路概念 ;华为概念 ;无人驾驶 ;特斯拉 ;无线充电 ;消费电子 ;创投 ;OLED ;超清视频,联创电子
"002036,002036,002036,002036",,"联创电子,联创电子,联创电子,联创电子"
300477,更多智能电网 ;正极材料 ;钴 ;小金属概念 ;锂电池 ;深股通,合纵科技
"300477,300477,300477,300477,300477,300477,300477,300477,300477,300477,300477,300477,300477,300477,300477,300477,300477,300477,300477,300477,300477,300477,300477,300477,300477,300477,300477,300477,300477,300477,300477,300477",,"合纵科技,合纵科技,合纵科技,合纵科技,合纵科技,合纵科技,合纵科技,合纵科技,合纵科技,合纵科技,合纵科技,合纵科技,合纵科技,合纵科技,合纵科技,合纵科技,合纵科技,合纵科技,合纵科技,合纵科技,合纵科技,合纵科技,合纵科技,合纵科技,合纵科技,合纵科技,合纵科技,合纵科技,合纵科技,合纵科技,合纵科技,合纵科技"
600535,更多单抗 ;央视财经50 ;炭疽 ;环渤海 ;老龄化 ;普洱茶 ;MSCI概念 ;小额贷款 ;生物疫苗 ;滨海新区 ;独家医药品种 ;融资融券 ;沪股通 ;独角兽概念 ;转融券标的 ;胰岛素 ;生物医药 ;医保目录 ;乙肝治疗 ;抗肿瘤 ;干细胞 ;中医药 ;医疗改革 ;证金持股 ;创新药,天士力
600535,,天士力
002772,--,众兴菌业
"002772,002772,002772,002772",,"众兴菌业,众兴菌业,众兴菌业,众兴菌业"
002326,更多氟化工 ;新材料概念 ;萤石 ;生物医药 ;车联网 ;儿童医药医疗 ;深股通 ;电解液 ;生物农药 ;哮喘 ;OLED ;OLED材料 ;锂电池 ;年报预增,永太科技
"002326,002326,002326,002326,002326,002326,002326,002326,002326,002326,002326,002326,002326,002326,002326,002326,002326,002326,002326,002326,002326,002326",,"永太科技,永太科技,永太科技,永太科技,永太科技,永太科技,永太科技,永太科技,永太科技,永太科技,永太科技,永太科技,永太科技,永太科技,永太科技,永太科技,永太科技,永太科技,永太科技,永太科技,永太科技,永太科技"
600369,更多参股基金 ;两江新区 ;融资融券 ;转融券标的 ;重庆国资改革 ;地方国资改革 ;期货概念,西南证券
"600369,600369",,"西南证券,西南证券"
600875,更多央企控股 ;工业4.0 ;低碳 ;分布式燃气发电 ;成渝特区 ;新能源 ;节能电机 ;碳税 ;新能源汽车 ;融资融券 ;潮汐发电 ;沪股通 ;转融券标的 ;核电 ;风电 ;MSCI概念 ;燃料电池 ;年报预增 ;一带一路 ;证金持股,东方电气
"600875,600875,600875,600875,600875,600875",,"东方电气,东方电气,东方电气,东方电气,东方电气,东方电气"
002508,更多恒大概念 ;京东概念 ;MSCI概念 ;新型城镇化 ;融资融券 ;深股通 ;转融券标的 ;白马爆雷 ;大消费 ;白马股 ;家用电器,老板电器
600528,更多一带一路 ;铁路基建 ;成都天府新区 ;西部开发 ;融资融券 ;沪股通 ;转融券标的 ;基建工程 ;轨道交通 ;高铁 ;中铁系 ;MSCI预期,中铁工业
"600528,600528,600528,600528,600528,600528",,"中铁工业,中铁工业,中铁工业,中铁工业,中铁工业,中铁工业"
002887,土壤修复 ;雄安新区 ;雄安环保 ;园林开发,绿茵生态
"002887,002887,002887,002887,002887,002887,002887,002887,002887,002887,002887,002887,002887,002887,002887",,"绿茵生态,绿茵生态,绿茵生态,绿茵生态,绿茵生态,绿茵生态,绿茵生态,绿茵生态,绿茵生态,绿茵生态,绿茵生态,绿茵生态,绿茵生态,绿茵生态,绿茵生态"
600602,更多云计算 ;安防 ;老八股 ;PPP概念 ;电子政务 ;国改双百行动 ;地方国资改革 ;智慧城市 ;上海国资改革 ;国产软件,云赛智联
"600602,600602,600602",,"云赛智联,云赛智联,云赛智联"
002362,更多虹膜识别 ;指纹技术 ;电子纸 ;人脑工程 ;基因测序 ;反恐 ;空气净化 ;电子书 ;互联网银行 ;电子信息 ;眼动技术 ;依法治国概念 ;触摸屏 ;PM2.5 ;人工智能 ;人机交互 ;图像识别 ;人脸识别 ;机器视觉 ;中科院系,汉王科技
"002362,002362,002362,002362",,"汉王科技,汉王科技,汉王科技,汉王科技"
603320,家用电器 ;地热能,迪贝电气
300248,更多虹膜识别 ;银联 ;指纹支付 ;数字货币 ;NFC ;指纹技术 ;众筹概念 ;交通一卡通 ;移动支付 ;职业教育 ;区块链 ;无人零售 ;人脸识别 ;蚂蚁金服概念 ;边缘计算,新开普
"300248,300248,300248,300248,300248,300248,300248,300248,300248,300248,300248,300248,300248,300248,300248,300248,300248,300248,300248,300248,300248,300248,300248,300248,300248",,"新开普,新开普,新开普,新开普,新开普,新开普,新开普,新开普,新开普,新开普,新开普,新开普,新开普,新开普,新开普,新开普,新开普,新开普,新开普,新开普,新开普,新开普,新开普,新开普,新开普"
000100,更多TMT ;太赫兹 ;参股保险 ;工业4.0 ;网络电视 ;数字电视 ;循环经济 ;参股新三板 ;三星 ;超级品牌 ;智能终端 ;融资融券 ;智能穿戴 ;深股通 ;5G ;转融券标的 ;云计算 ;智能家居 ;移动互联网 ;智能电视 ;MSCI概念 ;OLED面板 ;宁德时代概念 ;OLED ;家用电器 ;小米概念 ;腾讯概念 ;柔性屏 ;超清视频 ;紫光系 ;科创板IPO,TCL集团
"000100,000100,000100,000100,000100,000100,000100,000100,000100,000100,000100,000100,000100",,"TCL集团,TCL集团,TCL集团,TCL集团,TCL集团,TCL集团,TCL集团,TCL集团,TCL集团,TCL集团,TCL集团,TCL集团,TCL集团"
000665,更多文化传媒 ;云计算 ;纳米 ;三网融合 ;宽带中国 ;中部崛起 ;智能电视 ;蚂蚁金服概念 ;虚拟现实 ;油价下调 ;融资融券 ;广播电视 ;转融券标的 ;VR影视 ;智慧城市 ;世界杯 ;地方国资改革 ;互联网+ ;超清视频 ;湖北国资改革,湖北广电
000665,,湖北广电
002401,更多现代服务业 ;智能交通 ;智慧城市 ;阿里巴巴概念 ;临港地区 ;融资融券 ;跨境电商 ;轨道交通 ;转融券标的 ;进口博览会 ;航运概念 ;自由贸易港 ;中远系 ;央企国资改革 ;证金持股,中远海科
"002401,002401",,"中远海科,中远海科"
000612,更多天然气 ;稀缺资源 ;中原经济区 ;油气开采 ;贸易战影响股 ;有色铝,焦作万方
"000612,000612,000612,000612,000612,000612,000612,000612,000612,000612,000612",,"焦作万方,焦作万方,焦作万方,焦作万方,焦作万方,焦作万方,焦作万方,焦作万方,焦作万方,焦作万方,焦作万方"
300491,更多汽车电子 ;雄安交通 ;智能电网 ;电动汽车 ;军工 ;新能源汽车 ;充电桩 ;雄安新区,通合科技
"300491,300491,300491,300491,300491",,"通合科技,通合科技,通合科技,通合科技,通合科技"
"300202,300202,300202,300202,300202,300202,300202,300202,300202,300202,300202",,"聚龙股份,聚龙股份,聚龙股份,聚龙股份,聚龙股份,聚龙股份,聚龙股份,聚龙股份,聚龙股份,聚龙股份,聚龙股份"
002049,更多金融IC ;交通一卡通 ;核高基 ;蓝宝石 ;智能终端 ;国产替代 ;军工 ;节能照明 ;超级计算机 ;融资融券 ;存储芯片 ;深股通 ;5G ;换芯 ;转融券标的 ;芯片概念 ;芯片设计 ;地方国资改革 ;集成电路概念 ;国资驰援 ;移动支付 ;MSCI预期 ;紫光系,紫光国微
"002049,002049,002049,002049,002049,002049",,"紫光国微,紫光国微,紫光国微,紫光国微,紫光国微,紫光国微"
300243,新材料概念 ;PVC ;供应链金融 ;年报预增,瑞丰高材
"300243,300243,300243,300243,300243",,"瑞丰高材,瑞丰高材,瑞丰高材,瑞丰高材,瑞丰高材"
300295,更多电子商务 ;互联网金融 ;文化传媒 ;小额贷款 ;创投 ;租售同权 ;互联网+,三六五网
"300295,300295,300295",,"三六五网,三六五网,三六五网"
300745,更多新能源汽车 ;新股与次新股 ;充电桩 ;台风影响股 ;北汽新能源 ;深股通 ;燃料电池,欣锐科技
"300745,300745,300745,300745",,"欣锐科技,欣锐科技,欣锐科技,欣锐科技"
300090,更多PPP概念 ;污水处理 ;废气处理 ;一带一路 ;垃圾发电 ;生物质能 ;固废处理 ;节能环保,盛运环保
"300090,300090,300090,300090,300090,300090",,"盛运环保,盛运环保,盛运环保,盛运环保,盛运环保,盛运环保"
"300081,300081,300081,300081,300081,300081,300081,300081",,"恒信东方,恒信东方,恒信东方,恒信东方,恒信东方,恒信东方,恒信东方,恒信东方"
300747,更多光纤光缆 ;新股与次新股 ;5G ;国产替代 ;光纤 ;激光器 ;央企国资改革 ;深股通 ;高送转,锐科激光
"300747,300747",,"锐科激光,锐科激光"
300207,更多WIN升级 ;智能终端 ;新能源 ;移动电源 ;电动自行车 ;小米概念 ;苹果概念 ;钠离子电池 ;深股通 ;新能源汽车 ;大疆创新概念 ;VR设备 ;锂电制造 ;虚拟现实 ;无线充电 ;国资驰援 ;锂电池 ;石墨烯 ;消费电子 ;华为概念,欣旺达
"300207,300207,300207,300207,300207,300207,300207,300207,300207,300207,300207,300207,300207,300207,300207,300207,300207,300207,300207,300207,300207",,"欣旺达,欣旺达,欣旺达,欣旺达,欣旺达,欣旺达,欣旺达,欣旺达,欣旺达,欣旺达,欣旺达,欣旺达,欣旺达,欣旺达,欣旺达,欣旺达,欣旺达,欣旺达,欣旺达,欣旺达,欣旺达"
002444,更多机器人概念 ;页岩气 ;军工 ;引力波 ;智能家居 ;融资融券 ;雷达 ;服务机器人 ;深股通 ;大国重器标的 ;军用机器人 ;工业机器人 ;转融券标的 ;贸易战影响股 ;人工智能 ;人机交互 ;电子商务 ;无人驾驶 ;新基建,巨星科技
"002444,002444,002444",,"巨星科技,巨星科技,巨星科技"
600280,更多电子商务 ;移动购物 ;沪股通 ;商超百货 ;便利店 ;新零售,中央商场
600280,,中央商场
300626,工业4.0 ;人民币贬值受益 ;兜底增持,华瑞股份
300626,,华瑞股份
600898,黄光裕概念,国美通讯
"600898,600898,600898,600898",,"国美通讯,国美通讯,国美通讯,国美通讯"
000401,更多债转股 ;北京环球影城 ;京津冀一体化 ;南水北调 ;固废处理 ;冬奥会 ;雄安基建 ;保障房 ;融资融券 ;深股通 ;转融券标的 ;地方国资改革 ;水泥 ;北京国资改革 ;雄安新区 ;年报预增 ;MSCI预期,冀东水泥
"000401,000401,000401,000401,000401,000401,000401,000401,000401",,"冀东水泥,冀东水泥,冀东水泥,冀东水泥,冀东水泥,冀东水泥,冀东水泥,冀东水泥,冀东水泥"
603606,电缆 ;海上风电 ;风电 ;年报预增,东方电缆
"603606,603606,603606,603606,603606,603606,603606,603606,603606,603606,603606,603606,603606,603606,603606,603606,603606,603606,603606,603606,603606,603606,603606,603606,603606",,"东方电缆,东方电缆,东方电缆,东方电缆,东方电缆,东方电缆,东方电缆,东方电缆,东方电缆,东方电缆,东方电缆,东方电缆,东方电缆,东方电缆,东方电缆,东方电缆,东方电缆,东方电缆,东方电缆,东方电缆,东方电缆,东方电缆,东方电缆,东方电缆,东方电缆"
601988,更多央视财经50 ;MSCI概念 ;SDR概念 ;融资融券 ;沪股通 ;转融券标的 ;优先股概念 ;中字头股票 ;央企国资改革 ;外汇局持股 ;证金持股,中国银行
601988,,中国银行
"300369,300369",,"绿盟科技,绿盟科技"
002152,更多数字货币 ;国产替代 ;TMT ;ATM机 ;铁路基建 ;国产软件 ;新版人民币 ;金融IC ;大数据 ;融资融券 ;安防 ;人工智能 ;深股通 ;转融券标的 ;区块链储备 ;智能交通 ;轨道交通 ;国改双百行动 ;地方国资改革 ;区块链 ;人脸识别 ;MSCI预期 ;边缘计算 ;广东国资改革,广电运通
"002152,002152,002152,002152,002152,002152,002152,002152,002152,002152,002152",,"广电运通,广电运通,广电运通,广电运通,广电运通,广电运通,广电运通,广电运通,广电运通,广电运通,广电运通"
"300682,300682,300682,300682,300682,300682",,"朗新科技,朗新科技,朗新科技,朗新科技,朗新科技,朗新科技"
300077,更多换芯 ;移动金融 ;智能终端 ;SNS概念 ;国产替代 ;交通一卡通 ;NFC ;恒大概念 ;存储芯片 ;5G ;移动互联网 ;芯片概念 ;金融IC ;芯片制造 ;AI芯片 ;人工智能 ;负极材料 ;集成电路概念 ;锂电池 ;物联网 ;移动支付 ;网络安全,国民技术
"300077,300077",,"国民技术,国民技术"
"002427,002427,002427,002427,002427,002427,002427,002427,002427,002427,002427,002427",,"*ST尤夫,*ST尤夫,*ST尤夫,*ST尤夫,*ST尤夫,*ST尤夫,*ST尤夫,*ST尤夫,*ST尤夫,*ST尤夫,*ST尤夫,*ST尤夫"
300476,更多新能源汽车 ;苹果概念 ;物联网 ;显卡 ;深股通 ;富士康概念 ;贸易战影响股 ;OLED ;年报预增 ;机构重仓,胜宏科技
"300476,300476,300476",,"胜宏科技,胜宏科技,胜宏科技"
300139,更多智能电网 ;芯片制造 ;芯片概念 ;小金属概念 ;集成电路概念 ;黄金概念 ;光伏概念 ;电力物联网,晓程科技
"300139,300139,300139,300139,300139,300139,300139,300139",,"晓程科技,晓程科技,晓程科技,晓程科技,晓程科技,晓程科技,晓程科技,晓程科技"
"002184,002184,002184,002184",,"海得控制,海得控制,海得控制,海得控制"
300637,高送转 ;年报预增 ;送转填权,扬帆新材
300637,,扬帆新材
002063,,远光软件
600690,更多高温概念 ;厄尔尼诺概念 ;净水器 ;智能终端 ;央视财经50 ;节能环保 ;太阳能热水器 ;数字电视 ;青岛自贸区 ;马云概念 ;环渤海 ;疫苗存储 ;大消费 ;阿里巴巴概念 ;超级品牌 ;MSCI概念 ;空气净化 ;融资融券 ;沪股通 ;服务机器人 ;转融券标的 ;机器人概念 ;工业4.0 ;智能家居 ;人民币贬值受益 ;物联网 ;电子商务 ;家用电器 ;工业互联网 ;无线充电,青岛海尔
600690,,青岛海尔
300275,更多工业4.0 ;污水处理 ;PPP概念 ;煤矿安全 ;致密气 ;乡村振兴 ;农村环境治理 ;物联网 ;长江经济带 ;互联网+ ;智慧城市 ;透明工厂,梅安森
"300275,300275,300275,300275,300275,300275,300275,300275,300275,300275,300275,300275",,"梅安森,梅安森,梅安森,梅安森,梅安森,梅安森,梅安森,梅安森,梅安森,梅安森,梅安森,梅安森"
600837,更多上海金改 ;史玉柱概念 ;浦东前滩 ;MSCI概念 ;融资融券 ;沪股通 ;转融券标的 ;融资租赁 ;期货概念,海通证券
"600837,600837",,"海通证券,海通证券"
603328,更多苹果概念 ;汽车电子 ;沪股通 ;5G ;华为概念,依顿电子
603328,,依顿电子
002601,更多纳米纸 ;忆阻器 ;小额贷款 ;天然气 ;深股通 ;白马股 ;钛白粉 ;MSCI预期,龙蟒佰利
"002601,002601,002601,002601,002601,002601,002601,002601,002601",,"龙蟒佰利,龙蟒佰利,龙蟒佰利,龙蟒佰利,龙蟒佰利,龙蟒佰利,龙蟒佰利,龙蟒佰利,龙蟒佰利"
002225,更多类稀土 ;涉矾 ;涉矿 ;河南自贸区 ;金属镁 ;年报预增,濮耐股份
"002225,002225,002225,002225,002225,002225,002225,002225,002225,002225,002225,002225,002225,002225,002225,002225,002225,002225,002225,002225,002225,002225,002225,002225,002225",,"濮耐股份,濮耐股份,濮耐股份,濮耐股份,濮耐股份,濮耐股份,濮耐股份,濮耐股份,濮耐股份,濮耐股份,濮耐股份,濮耐股份,濮耐股份,濮耐股份,濮耐股份,濮耐股份,濮耐股份,濮耐股份,濮耐股份,濮耐股份,濮耐股份,濮耐股份,濮耐股份,濮耐股份,濮耐股份"
002460,更多新能源 ;新材料概念 ;融资融券 ;深股通 ;转融券标的 ;新能源汽车 ;白马股 ;MSCI概念 ;镍氢电池 ;锂电制造 ;锂矿 ;固态电池 ;锂电池 ;锂电原料 ;特斯拉,赣锋锂业
"002460,002460,002460,002460,002460,002460,002460,002460,002460",,"赣锋锂业,赣锋锂业,赣锋锂业,赣锋锂业,赣锋锂业,赣锋锂业,赣锋锂业,赣锋锂业,赣锋锂业"
600803,更多蜱虫 ;油价上调 ;油气开采 ;融资融券 ;沪股通 ;转融券标的 ;LNG加气站 ;天然气 ;甲醇 ;年报预增 ;氢能源,新奥股份
"600803,600803,600803,600803,600803",,"新奥股份,新奥股份,新奥股份,新奥股份,新奥股份"
300661,更多芯片设计 ;芯片概念 ;人工智能 ;集成电路概念 ;深股通 ;超清视频,圣邦股份
"300661,300661,300661,300661,300661",,"圣邦股份,圣邦股份,圣邦股份,圣邦股份,圣邦股份"
603721,更多移动互联网 ;文化传媒 ;短视频 ;湖南国资改革 ;地方国资改革 ;影视娱乐,中广天择
603721,,中广天择
603969,一带一路 ;雄安新区 ;核电 ;雄安基建,银龙股份
"603969,603969,603969,603969",,"银龙股份,银龙股份,银龙股份,银龙股份"
603078,元器件 ;芯片概念 ;芯片材料,江化微
002002,更多土地流转 ;PPP概念 ;融资融券 ;深股通 ;转融券标的 ;土壤修复 ;互联网+ ;小金属概念 ;稀土永磁 ;PVC ;燃料电池 ;氢能源,鸿达兴业
"002002,002002,002002,002002,002002,002002,002002,002002,002002,002002,002002,002002,002002,002002,002002,002002",,"鸿达兴业,鸿达兴业,鸿达兴业,鸿达兴业,鸿达兴业,鸿达兴业,鸿达兴业,鸿达兴业,鸿达兴业,鸿达兴业,鸿达兴业,鸿达兴业,鸿达兴业,鸿达兴业,鸿达兴业,鸿达兴业"
000552,更多涉矿 ;融资融券 ;深股通 ;兰新白试验区 ;动力煤 ;转融券标的 ;地方国资改革 ;甘肃国资改革,靖远煤电
000552,,靖远煤电
603466,更多虚拟现实 ;裸眼3D ;白马股 ;文化传媒 ;成泉资本持股 ;沪股通,风语筑
300494,更多移动互联网 ;小额贷款 ;网络游戏 ;电子竞技 ;手机游戏 ;独角兽概念,盛天网络
"300494,300494,300494,300494",,"盛天网络,盛天网络,盛天网络,盛天网络"
002182,更多液态金属 ;3D打印 ;稀有金属 ;新材料概念 ;轻型合金 ;金属镁 ;富士康概念 ;有色铝 ;小金属概念 ;特斯拉 ;年报预增,云海金属
"002182,002182,002182,002182",,"云海金属,云海金属,云海金属,云海金属"
600809,更多春节概念 ;老字号 ;大消费 ;融资融券 ;股权转让 ;沪股通 ;转融券标的 ;MSCI概念 ;山西国资改革 ;地方国资改革 ;白酒概念 ;年报预增,山西汾酒
"600809,600809,600809",,"山西汾酒,山西汾酒,山西汾酒"
603859,更多能源互联网 ;工业互联网 ;工业4.0 ;军民融合 ;军工 ;数字孪生,能科股份
"603859,603859,603859,603859",,"能科股份,能科股份,能科股份,能科股份"
300336,更多IP概念 ;大数据 ;电子竞技 ;参股万达商业 ;文化传媒 ;互联网+ ;影视娱乐,新文化
"300336,300336",,"新文化,新文化"
000672,更多一带一路 ;新型城镇化 ;西部开发 ;低碳 ;石灰石 ;保障房 ;工程建材 ;水泥 ;年报预增,上峰水泥
"000672,000672,000672,000672,000672,000672,000672,000672,000672,000672,000672,000672",,"上峰水泥,上峰水泥,上峰水泥,上峰水泥,上峰水泥,上峰水泥,上峰水泥,上峰水泥,上峰水泥,上峰水泥,上峰水泥,上峰水泥"
600801,更多国际板 ;交通示范区 ;中部崛起 ;一带一路 ;融资融券 ;转融券标的 ;沪股通 ;水泥 ;年报预增 ;MSCI预期,华新水泥
"600801,600801,600801,600801",,"华新水泥,华新水泥,华新水泥,华新水泥"
300197,更多长江防护林 ;新型城镇化 ;土壤修复 ;风沙治理 ;矿山生态修复 ;海岛整治修复 ;深股通 ;美丽中国 ;乡村振兴 ;PPP概念 ;特色小镇 ;国资驰援 ;雄安环保 ;雄安新区 ;园林开发,铁汉生态
"300197,300197,300197,300197,300197,300197,300197,300197,300197,300197,300197,300197,300197,300197,300197,300197,300197,300197",,"铁汉生态,铁汉生态,铁汉生态,铁汉生态,铁汉生态,铁汉生态,铁汉生态,铁汉生态,铁汉生态,铁汉生态,铁汉生态,铁汉生态,铁汉生态,铁汉生态,铁汉生态,铁汉生态,铁汉生态,铁汉生态"
002572,更多奢侈品 ;虚拟现实 ;电子商务 ;深股通 ;全屋定制 ;融资融券 ;转融券标的 ;白马股 ;MSCI预期,索菲亚
"002572,002572,002572,002572,002572,002572,002572,002572",,"索菲亚,索菲亚,索菲亚,索菲亚,索菲亚,索菲亚,索菲亚,索菲亚"
300576,OLED ;柔性屏,容大感光
"300576,300576,300576",,"容大感光,容大感光,容大感光"
603363,更多兽药 ;贸易战受益股 ;沪股通 ;猪肉 ;饲料 ;郭台铭概念,傲农生物
"603363,603363,603363,603363,603363,603363,603363,603363,603363,603363,603363,603363,603363,603363,603363",,"傲农生物,傲农生物,傲农生物,傲农生物,傲农生物,傲农生物,傲农生物,傲农生物,傲农生物,傲农生物,傲农生物,傲农生物,傲农生物,傲农生物,傲农生物"
002309,更多分布式发电 ;智能电网 ;新能源 ;一带一路 ;锂电池 ;深股通 ;光纤 ;太阳能 ;光纤光缆 ;5G ;光伏概念 ;华为概念,中利集团
"002309,002309,002309,002309,002309,002309,002309,002309,002309",,"中利集团,中利集团,中利集团,中利集团,中利集团,中利集团,中利集团,中利集团,中利集团"
600959,文化传媒 ;广播电视,江苏有线
"600959,600959,600959,600959,600959,600959",,"江苏有线,江苏有线,江苏有线,江苏有线,江苏有线,江苏有线"
600850,更多智能建筑 ;电子信息 ;去IOE ;预警机 ;沪股通 ;贸易战影响股 ;大数据 ;中国电科系 ;军工 ;央企国资改革,华东电脑
300396,体外诊断 ;医疗器械概念 ;证金持股,迪瑞医疗
"300396,300396,300396,300396",,"迪瑞医疗,迪瑞医疗,迪瑞医疗,迪瑞医疗"
000503,更多TMT ;三沙 ;海南旅游岛 ;健康中国 ;电子商务 ;网络游戏 ;融资融券 ;深股通 ;东盟北部湾 ;转融券标的 ;智能医疗 ;医保目录 ;互联网+ ;海南自贸区 ;互联网医疗,国新健康
"000503,000503,000503,000503,000503,000503,000503,000503,000503,000503,000503",,"国新健康,国新健康,国新健康,国新健康,国新健康,国新健康,国新健康,国新健康,国新健康,国新健康,国新健康"
300156,更多京津冀一体化 ;油页岩 ;危废处理 ;两会 ;合同能源管理 ;碳交易 ;PM2.5 ;废气处理 ;天然气 ;煤化工 ;雄安新区 ;深股通 ;美丽中国 ;低碳 ;节能环保,神雾环保
"300156,300156",,"神雾环保,神雾环保"
300034,更多航空航天 ;轻型合金 ;航空发动机 ;央视财经50 ;4D打印 ;核电 ;融资融券 ;转融券标的 ;国改双百行动 ;新材料概念 ;特钢概念 ;大飞机 ;军工 ;央企国资改革 ;年报预增 ;证金持股,钢研高纳
300034,,钢研高纳
002927,--,泰永长征
002927,,泰永长征
603817,污水处理 ;PPP概念 ;地方国资改革,海峡环保
"603817,603817",,"海峡环保,海峡环保"
002478,更多核电 ;天然气 ;天然气管道 ;西气东输 ;页岩气 ;特钢概念 ;民营医院 ;年报预增,常宝股份
"002478,002478,002478,002478",,"常宝股份,常宝股份,常宝股份,常宝股份"
600614,更多浦东新区 ;小额贷款 ;钒电池 ;金改 ;卫星导航 ;涉矿 ;融资融券 ;沪股通 ;钛 ;转融券标的 ;稀土永磁 ;小金属概念 ;军工 ;固废处理 ;节能环保 ;股权转让 ;军民融合 ;商誉减值,鹏起科技
"600614,600614,600614,600614,600614,600614,600614",,"鹏起科技,鹏起科技,鹏起科技,鹏起科技,鹏起科技,鹏起科技,鹏起科技"
603605,电子商务 ;化妆护肤品,珀莱雅
"603605,603605",,"珀莱雅,珀莱雅"
300374,更多雄安基建 ;绿色建筑 ;一带一路 ;乡村振兴 ;装配式建筑 ;雄安新区,恒通科技
300327,更多全息手机 ;芯片设计 ;芯片概念 ;国产替代 ;智能穿戴 ;锂电池 ;白马股 ;MCU ;OLED芯片 ;集成电路概念 ;OLED ;柔性屏 ;超清视频,中颖电子
"300327,300327,300327",,"中颖电子,中颖电子,中颖电子"
300053,更多智能终端 ;互联网银行 ;网络游戏 ;航天军工 ;卫星导航 ;核高基 ;融资融券 ;深股通 ;转融券标的 ;芯片设计 ;人工智能 ;人脸识别 ;安防 ;地理信息 ;大数据 ;航空航天 ;芯片概念 ;AI芯片 ;集成电路概念 ;太空互联网 ;横琴新区,欧比特
"300053,300053,300053,300053,300053,300053,300053,300053,300053,300053,300053,300053,300053,300053,300053,300053,300053,300053,300053",,"欧比特,欧比特,欧比特,欧比特,欧比特,欧比特,欧比特,欧比特,欧比特,欧比特,欧比特,欧比特,欧比特,欧比特,欧比特,欧比特,欧比特,欧比特,欧比特"
603937,铝材加工 ;有色铝,丽岛新材
603937,,丽岛新材
600395,更多稀缺煤 ;循环经济 ;黔中经济区 ;抗寒 ;煤层气 ;融资融券 ;沪股通 ;转融券标的 ;焦煤 ;贵州国资改革 ;地方国资改革 ;机构重仓,盘江股份
"600395,600395",,"盘江股份,盘江股份"
002232,更多央企控股 ;电子信息 ;车联网 ;振兴东北 ;卫星导航 ;智能交通 ;灾备存储 ;地理信息 ;数据存储 ;电机电控 ;新能源汽车 ;汽车电子 ;互联网平台 ;无人驾驶 ;工业互联网 ;华为概念 ;华为汽车 ;证金持股,启明信息
002232,,启明信息
300213,更多地震 ;军民融合 ;工业互联网 ;轨道交通 ;阅兵 ;物联网应用层 ;股权转让 ;国资驰援 ;物联网 ;无人机 ;军工 ;人工智能 ;独角兽概念 ;边缘计算,佳讯飞鸿
"300213,300213,300213,300213,300213,300213,300213,300213",,"佳讯飞鸿,佳讯飞鸿,佳讯飞鸿,佳讯飞鸿,佳讯飞鸿,佳讯飞鸿,佳讯飞鸿,佳讯飞鸿"
002560,更多航空航天 ;轨道交通 ;军民融合 ;智能电网 ;特高压 ;小额贷款 ;钛 ;小金属概念 ;军工,通达股份
002560,,通达股份
600584,更多智能穿戴 ;智能手表 ;融资租赁 ;物联网 ;微电子 ;新材料概念 ;苹果概念 ;IGBT ;NFC ;国家大基金持股 ;融资融券 ;沪股通 ;芯片封装测试 ;转融券标的 ;芯片概念 ;集成电路概念 ;移动支付 ;MSCI预期,长电科技
"600584,600584,600584,600584,600584,600584,600584,600584,600584,600584,600584,600584",,"长电科技,长电科技,长电科技,长电科技,长电科技,长电科技,长电科技,长电科技,长电科技,长电科技,长电科技,长电科技"
603002,3D打印 ;沪台通 ;环氧树脂 ;台湾概念股,宏昌电子
"603002,603002,603002",,"宏昌电子,宏昌电子,宏昌电子"
600403,河南国资改革 ;地方国资改革 ;证金持股 ;机构重仓,大有能源
300016,更多老龄化 ;生物医药 ;抗肿瘤 ;基因测序 ;医保目录 ;细胞免疫治疗 ;中医药 ;焦虑症 ;独角兽概念,北陆药业
601001,更多动力煤 ;高岭土概念 ;融资融券 ;沪股通 ;转融券标的 ;山西国资改革 ;地方国资改革 ;证金持股,大同煤业
"601001,601001,601001,601001,601001",,"大同煤业,大同煤业,大同煤业,大同煤业,大同煤业"
000727,更多新材料概念 ;元器件 ;小米概念 ;深股通 ;触摸屏 ;富士康概念 ;央企国资改革 ;超清视频 ;郭台铭概念,华东科技
000727,,华东科技
600805,更多参股新三板 ;汽车制造概念 ;一号文件 ;涉矿 ;融资融券 ;转融券标的 ;乡村振兴 ;新能源汽车 ;地方国资改革 ;农机 ;石墨烯 ;燃料电池,悦达投资
"600805,600805,600805,600805,600805,600805,600805,600805,600805,600805,600805",,"悦达投资,悦达投资,悦达投资,悦达投资,悦达投资,悦达投资,悦达投资,悦达投资,悦达投资,悦达投资,悦达投资"
600781,更多阿糖胞苷 ;中医药 ;白马股 ;生物医药 ;医保目录 ;沪股通 ;年报预增,辅仁药业
"600781,600781,600781,600781",,"辅仁药业,辅仁药业,辅仁药业,辅仁药业"
002889,更多跨境电商 ;大数据 ;快递 ;智能物流 ;电子商务 ;高送转预期,东方嘉盛
"002889,002889",,"东方嘉盛,东方嘉盛"
600031,更多高端装备 ;MSCI概念 ;国家科技大会 ;军民融合 ;参股民营银行 ;融资融券 ;沪股通 ;大国重器标的 ;转融券标的 ;一带一路 ;挖掘机 ;工业4.0 ;军工 ;机械装备 ;年报预增,三一重工
"600031,600031,600031,600031",,"三一重工,三一重工,三一重工,三一重工"
002673,更多MSCI概念 ;参股新三板 ;融资融券 ;深股通 ;转融券标的 ;紫光系,西部证券
002673,,西部证券
300689,金融IC,澄天伟业
"300689,300689",,"澄天伟业,澄天伟业"
