字段3,字段1,字段2
603317,新股与次新股,天味食品
"603317,603317,603317,603317,603317,603317,603317,603317,603317,603317,603317",,"天味食品,天味食品,天味食品,天味食品,天味食品,天味食品,天味食品,天味食品,天味食品,天味食品,天味食品"
300292,更多智能路由器 ;宽带中国 ;广告营销 ;文化传媒 ;电子商务 ;光纤 ;今日头条概念 ;数字营销 ;物联网 ;新基建 ;5G ;独角兽概念 ;边缘计算,吴通控股
"300292,300292,300292,300292,300292,300292,300292,300292,300292,300292,300292,300292,300292,300292,300292,300292",,"吴通控股,吴通控股,吴通控股,吴通控股,吴通控股,吴通控股,吴通控股,吴通控股,吴通控股,吴通控股,吴通控股,吴通控股,吴通控股,吴通控股,吴通控股,吴通控股"
600868,更多新能源 ;融资融券 ;转融券标的 ;粤港澳大湾区 ;恒大概念,梅雁吉祥
"600868,600868,600868,600868,600868",,"梅雁吉祥,梅雁吉祥,梅雁吉祥,梅雁吉祥,梅雁吉祥"
300048,更多雄安交通 ;雄安新区 ;节能电机 ;共享汽车 ;共享经济 ;合同能源管理 ;机器人概念 ;节能环保 ;新能源整车 ;新能源汽车 ;充电桩 ;新基建 ;燃料电池,合康新能
"300048,300048,300048,300048,300048,300048,300048,300048,300048,300048,300048,300048,300048,300048,300048,300048,300048",,"合康新能,合康新能,合康新能,合康新能,合康新能,合康新能,合康新能,合康新能,合康新能,合康新能,合康新能,合康新能,合康新能,合康新能,合康新能,合康新能,合康新能"
600666,更多成渝特区 ;两江新区 ;高端装备 ;生物医药 ;MERS概念 ;医疗改革 ;蓝宝石 ;3D玻璃 ;医保目录 ;OLED,奥瑞德
"600666,600666,600666,600666,600666,600666,600666,600666,600666",,"奥瑞德,奥瑞德,奥瑞德,奥瑞德,奥瑞德,奥瑞德,奥瑞德,奥瑞德,奥瑞德"
000509,更多西部开发 ;票交所 ;股权转让 ;园林开发 ;成渝特区 ;壳资源,华塑控股
"000509,000509,000509,000509,000509,000509,000509,000509,000509",,"华塑控股,华塑控股,华塑控股,华塑控股,华塑控股,华塑控股,华塑控股,华塑控股,华塑控股"
600758,更多振兴东北 ;煤层气 ;地方国资改革 ;辽宁国资改革 ;燃料电池 ;氢能源,红阳能源
"600758,600758,600758,600758,600758,600758,600758,600758,600758,600758,600758",,"红阳能源,红阳能源,红阳能源,红阳能源,红阳能源,红阳能源,红阳能源,红阳能源,红阳能源,红阳能源,红阳能源"
"000529,000529,000529,000529,000529",,"广弘控股,广弘控股,广弘控股,广弘控股,广弘控股"
"002547,002547,002547,002547,002547,002547,002547,002547,002547,002547,002547,002547,002547,002547,002547,002547,002547,002547,002547,002547,002547,002547,002547",,"春兴精工,春兴精工,春兴精工,春兴精工,春兴精工,春兴精工,春兴精工,春兴精工,春兴精工,春兴精工,春兴精工,春兴精工,春兴精工,春兴精工,春兴精工,春兴精工,春兴精工,春兴精工,春兴精工,春兴精工,春兴精工,春兴精工,春兴精工"
002656,更多腾讯概念 ;虚拟现实 ;移动互联网 ;深股通 ;互联网+ ;兜底增持,摩登大道
"002656,002656,002656,002656,002656,002656,002656,002656,002656,002656,002656",,"摩登大道,摩登大道,摩登大道,摩登大道,摩登大道,摩登大道,摩登大道,摩登大道,摩登大道,摩登大道,摩登大道"
"600759,600759,600759,600759,600759,600759,600759",,"洲际油气,洲际油气,洲际油气,洲际油气,洲际油气,洲际油气,洲际油气"
002057,更多元器件 ;债转股 ;安徽自贸区 ;铀矿 ;稀土永磁 ;央企控股 ;金属锰 ;小金属概念 ;央企国资改革 ;锂电池 ;新能源汽车 ;创投 ;燃料电池 ;高送转,中钢天源
"002057,002057,002057,002057,002057,002057,002057",,"中钢天源,中钢天源,中钢天源,中钢天源,中钢天源,中钢天源,中钢天源"
300225,更多节能环保 ;股权转让 ;建筑涂料 ;央企国资改革 ;芯片概念,金力泰
"300225,300225,300225,300225,300225",,"金力泰,金力泰,金力泰,金力泰,金力泰"
000823,更多元器件 ;WIN升级 ;智能终端 ;融资融券 ;联想概念 ;转融券标的 ;触摸屏 ;小米概念 ;覆铜板 ;广东国资改革 ;地方国资改革 ;苹果概念 ;柔性屏 ;证金持股,超声电子
"000823,000823,000823,000823,000823",,"超声电子,超声电子,超声电子,超声电子,超声电子"
"300299,300299,300299,300299,300299,300299,300299,300299,300299,300299",,"富春股份,富春股份,富春股份,富春股份,富春股份,富春股份,富春股份,富春股份,富春股份,富春股份"
601949,文化传媒 ;平面媒体 ;央企国资改革 ;知识产权保护,中国出版
"601949,601949,601949,601949,601949,601949,601949,601949,601949,601949,601949,601949,601949",,"中国出版,中国出版,中国出版,中国出版,中国出版,中国出版,中国出版,中国出版,中国出版,中国出版,中国出版,中国出版,中国出版"
600846,更多无人机 ;纳米纸 ;高校 ;PPP概念 ;迪士尼 ;融资融券 ;沪股通 ;转融券标的 ;污水处理 ;雄安新区 ;央企国资改革 ;燃料电池 ;氢能源,同济科技
"600846,600846,600846,600846,600846,600846,600846,600846",,"同济科技,同济科技,同济科技,同济科技,同济科技,同济科技,同济科技,同济科技"
"601999,601999,601999,601999,601999,601999",,"出版传媒,出版传媒,出版传媒,出版传媒,出版传媒,出版传媒"
600710,更多马歇尔计划 ;挖掘机 ;服务机器人 ;机器人概念 ;光伏概念 ;央企国资改革 ;工业互联网 ;养老概念,苏美达
"600710,600710,600710,600710,600710,600710,600710",,"苏美达,苏美达,苏美达,苏美达,苏美达,苏美达,苏美达"
"000957,000957,000957",,"中通客车,中通客车,中通客车"
600620,更多养老地产 ;老龄化 ;融资融券 ;养老概念 ;转融券标的 ;科创板预期 ;智能物流,天宸股份
"600620,600620,600620,600620,600620,600620",,"天宸股份,天宸股份,天宸股份,天宸股份,天宸股份,天宸股份"
002786,更多天津自贸区 ;环渤海 ;工业4.0 ;央企国资改革 ;新能源汽车 ;5G,银宝山新
"002786,002786,002786,002786,002786,002786",,"银宝山新,银宝山新,银宝山新,银宝山新,银宝山新,银宝山新"
601777,更多共享汽车 ;金改 ;汽车制造概念 ;特斯拉 ;智能交通 ;融资融券 ;转融券标的 ;共享经济 ;百度概念 ;无人驾驶 ;新能源汽车 ;证金持股 ;新能源整车 ;独角兽概念 ;锂电池 ;氢能源 ;燃料电池,力帆股份
"601777,601777,601777,601777,601777,601777,601777,601777,601777,601777,601777,601777,601777,601777,601777,601777,601777",,"力帆股份,力帆股份,力帆股份,力帆股份,力帆股份,力帆股份,力帆股份,力帆股份,力帆股份,力帆股份,力帆股份,力帆股份,力帆股份,力帆股份,力帆股份,力帆股份,力帆股份"
300214,新材料概念 ;聚氯乙烯 ;股权转让,日科化学
"300214,300214,300214,300214,300214,300214,300214,300214,300214",,"日科化学,日科化学,日科化学,日科化学,日科化学,日科化学,日科化学,日科化学,日科化学"
"002231,002231,002231,002231,002231",,"奥维通信,奥维通信,奥维通信,奥维通信,奥维通信"
"300072,300072,300072,300072,300072,300072,300072,300072,300072,300072,300072,300072,300072,300072,300072,300072,300072,300072,300072,300072,300072,300072,300072,300072,300072,300072,300072,300072",,"三聚环保,三聚环保,三聚环保,三聚环保,三聚环保,三聚环保,三聚环保,三聚环保,三聚环保,三聚环保,三聚环保,三聚环保,三聚环保,三聚环保,三聚环保,三聚环保,三聚环保,三聚环保,三聚环保,三聚环保,三聚环保,三聚环保,三聚环保,三聚环保,三聚环保,三聚环保,三聚环保,三聚环保"
300497,生物医药 ;白马股,富祥股份
"300497,300497,300497,300497,300497,300497,300497,300497,300497,300497,300497,300497,300497,300497,300497,300497,300497,300497,300497",,"富祥股份,富祥股份,富祥股份,富祥股份,富祥股份,富祥股份,富祥股份,富祥股份,富祥股份,富祥股份,富祥股份,富祥股份,富祥股份,富祥股份,富祥股份,富祥股份,富祥股份,富祥股份,富祥股份"
002733,更多光伏概念 ;新能源汽车 ;动力电池回收 ;能源互联网 ;固态电池 ;锂电池 ;储能 ;燃料电池 ;年报预增 ;氢能源,雄韬股份
"002733,002733,002733,002733,002733,002733,002733,002733,002733,002733,002733,002733,002733,002733,002733,002733,002733",,"雄韬股份,雄韬股份,雄韬股份,雄韬股份,雄韬股份,雄韬股份,雄韬股份,雄韬股份,雄韬股份,雄韬股份,雄韬股份,雄韬股份,雄韬股份,雄韬股份,雄韬股份,雄韬股份,雄韬股份"
"300769,300769,300769,300769,300769,300769,300769,300769,300769,300769,300769",,"德方纳米,德方纳米,德方纳米,德方纳米,德方纳米,德方纳米,德方纳米,德方纳米,德方纳米,德方纳米,德方纳米"
000723,更多动力煤 ;稀缺煤 ;焦炭 ;机器人概念 ;焦煤 ;深股通 ;工业机器人 ;超级电容 ;粗苯 ;LNG加气站 ;新能源整车 ;新能源汽车 ;石墨电极 ;天然气 ;燃料电池 ;年报预增 ;氢能源,美锦能源
"000723,000723,000723,000723,000723,000723,000723,000723,000723,000723,000723,000723,000723,000723,000723,000723,000723,000723,000723,000723,000723,000723,000723,000723,000723,000723,000723,000723,000723,000723,000723,000723,000723",,"美锦能源,美锦能源,美锦能源,美锦能源,美锦能源,美锦能源,美锦能源,美锦能源,美锦能源,美锦能源,美锦能源,美锦能源,美锦能源,美锦能源,美锦能源,美锦能源,美锦能源,美锦能源,美锦能源,美锦能源,美锦能源,美锦能源,美锦能源,美锦能源,美锦能源,美锦能源,美锦能源,美锦能源,美锦能源,美锦能源,美锦能源,美锦能源,美锦能源"
"300322,300322,300322,300322,300322,300322,300322,300322,300322",,"硕贝德,硕贝德,硕贝德,硕贝德,硕贝德,硕贝德,硕贝德,硕贝德,硕贝德"
300768,新股与次新股 ;态势感知,迪普科技
"300768,300768,300768,300768,300768,300768,300768,300768,300768,300768,300768",,"迪普科技,迪普科技,迪普科技,迪普科技,迪普科技,迪普科技,迪普科技,迪普科技,迪普科技,迪普科技,迪普科技"
300743,新股与次新股,天地数码
"300743,300743,300743,300743,300743,300743,300743,300743,300743,300743,300743,300743,300743",,"天地数码,天地数码,天地数码,天地数码,天地数码,天地数码,天地数码,天地数码,天地数码,天地数码,天地数码,天地数码,天地数码"
300739,人民币贬值受益 ;高送转,明阳电路
"300739,300739,300739,300739,300739,300739,300739,300739",,"明阳电路,明阳电路,明阳电路,明阳电路,明阳电路,明阳电路,明阳电路,明阳电路"
300735,更多5G ;汽车电子 ;深股通 ;华为概念 ;年报预增 ;透明工厂,光弘科技
"300735,300735,300735,300735",,"光弘科技,光弘科技,光弘科技,光弘科技"
300638,更多移动互联网 ;物联网感知层 ;阿里巴巴概念 ;5G ;物联网 ;移动支付 ;年报预增 ;边缘计算,广和通
"300638,300638,300638,300638,300638",,"广和通,广和通,广和通,广和通,广和通"
"002792,002792",,"通宇通讯,通宇通讯"
603501,更多芯片概念 ;传感器 ;芯片设计 ;集成电路概念 ;超清视频,韦尔股份
"603501,603501,603501,603501,603501,603501,603501",,"韦尔股份,韦尔股份,韦尔股份,韦尔股份,韦尔股份,韦尔股份,韦尔股份"
603083,更多宽带中国 ;物联网 ;智能家居 ;5G ;工业互联网 ;新基建 ;边缘计算,剑桥科技
603083,,剑桥科技
601997,更多MSCI概念 ;融资融券 ;沪股通 ;转融券标的 ;优先股概念 ;证金持股,贵阳银行
"601997,601997",,"贵阳银行,贵阳银行"
600599,更多众筹概念 ;春节概念 ;P2P概念 ;互联网+ ;互联网金融,熊猫金控
"600599,600599,600599,600599,600599,600599",,"熊猫金控,熊猫金控,熊猫金控,熊猫金控,熊猫金控,熊猫金控"
600081,更多纳米 ;汽车电子 ;电机电控 ;新能源汽车 ;华为概念 ;华为汽车,东风科技
"600081,600081,600081,600081,600081,600081,600081,600081,600081,600081,600081,600081,600081",,"东风科技,东风科技,东风科技,东风科技,东风科技,东风科技,东风科技,东风科技,东风科技,东风科技,东风科技,东风科技,东风科技"
300573,眼科医疗 ;医保目录,兴齐眼药
"300573,300573,300573,300573,300573,300573,300573,300573,300573,300573,300573,300573,300573,300573",,"兴齐眼药,兴齐眼药,兴齐眼药,兴齐眼药,兴齐眼药,兴齐眼药,兴齐眼药,兴齐眼药,兴齐眼药,兴齐眼药,兴齐眼药,兴齐眼药,兴齐眼药,兴齐眼药"
300538,更多国资驰援 ;小米概念 ;华为概念 ;年报预增 ;高送转 ;5G,同益股份
"300538,300538,300538,300538,300538",,"同益股份,同益股份,同益股份,同益股份,同益股份"
300362,PPP概念 ;污水处理 ;节能环保 ;固废处理,天翔环境
"300362,300362,300362,300362,300362,300362",,"天翔环境,天翔环境,天翔环境,天翔环境,天翔环境,天翔环境"
300229,更多超级计算机 ;依法治国概念 ;大数据 ;虚拟机器人 ;云计算 ;电子信息 ;SNS概念 ;智慧党建 ;移动互联网 ;腾讯概念 ;人工智能 ;网络安全 ;大数据反恐 ;反恐 ;搜索引擎 ;知识产权保护 ;互联网金融 ;融媒体,拓尔思
"300229,300229,300229,300229,300229,300229,300229,300229,300229,300229",,"拓尔思,拓尔思,拓尔思,拓尔思,拓尔思,拓尔思,拓尔思,拓尔思,拓尔思,拓尔思"
"300136,300136,300136,300136,300136,300136,300136,300136,300136",,"信维通信,信维通信,信维通信,信维通信,信维通信,信维通信,信维通信,信维通信,信维通信"
002219,更多藏药 ;抗癌 ;兰新白试验区 ;单抗 ;中医药 ;民营医院 ;股权转让,恒康医疗
"002219,002219,002219,002219,002219",,"恒康医疗,恒康医疗,恒康医疗,恒康医疗,恒康医疗"
"000070,000070,000070",,"特发信息,特发信息,特发信息"
000063,更多智能穿戴 ;移动互联网 ;智能手表 ;IPV6 ;网络安全 ;京东概念 ;三网融合 ;电子信息 ;虚拟现实 ;国家科技大会 ;TMT ;融资融券 ;深股通 ;虚拟运营商 ;云计算 ;5G主设备 ;光纤 ;宽带中国 ;转融券标的 ;人工智能 ;VR设备 ;芯片概念 ;物联网平台层 ;智能终端 ;MSCI概念 ;白马爆雷 ;5G ;物联网 ;智慧城市 ;光通信设备 ;边缘计算 ;网络切片 ;科创板IPO,中兴通讯
"000063,000063,000063,000063,000063,000063,000063,000063,000063",,"中兴通讯,中兴通讯,中兴通讯,中兴通讯,中兴通讯,中兴通讯,中兴通讯,中兴通讯,中兴通讯"
"300590,300590,300590,300590,300590,300590,300590,300590,300590",,"移为通信,移为通信,移为通信,移为通信,移为通信,移为通信,移为通信,移为通信,移为通信"
300560,军工 ;5G ;数字中国,中富通
"300560,300560,300560",,"中富通,中富通,中富通"
300698,更多智能医疗 ;物联网应用层 ;光通信设备 ;物联网 ;互联网医疗 ;5G,万马科技
"300698,300698,300698,300698,300698,300698,300698,300698,300698,300698,300698,300698,300698,300698,300698,300698",,"万马科技,万马科技,万马科技,万马科技,万马科技,万马科技,万马科技,万马科技,万马科技,万马科技,万马科技,万马科技,万马科技,万马科技,万马科技,万马科技"
002796,更多通信基站 ;电梯概念 ;5G ;年报预增 ;送转填权,世嘉科技
"002796,002796,002796,002796,002796,002796,002796,002796,002796,002796,002796,002796,002796",,"世嘉科技,世嘉科技,世嘉科技,世嘉科技,世嘉科技,世嘉科技,世嘉科技,世嘉科技,世嘉科技,世嘉科技,世嘉科技,世嘉科技,世嘉科技"
300394,更多量子通信 ;光纤 ;宽带中国 ;5G ;光通信设备 ;养老金持股,天孚通信
"300394,300394",,"天孚通信,天孚通信"
603598,更多影视娱乐 ;数字营销 ;今日头条概念 ;文化传媒 ;网易概念 ;短视频 ;独角兽概念 ;养老金持股 ;知识产权保护,引力传媒
"603598,603598,603598,603598,603598,603598,603598,603598,603598,603598,603598,603598,603598,603598,603598,603598,603598",,"引力传媒,引力传媒,引力传媒,引力传媒,引力传媒,引力传媒,引力传媒,引力传媒,引力传媒,引力传媒,引力传媒,引力传媒,引力传媒,引力传媒,引力传媒,引力传媒,引力传媒"
"000800,000800,000800,000800,000800,000800,000800,000800,000800,000800,000800,000800,000800",,"一汽轿车,一汽轿车,一汽轿车,一汽轿车,一汽轿车,一汽轿车,一汽轿车,一汽轿车,一汽轿车,一汽轿车,一汽轿车,一汽轿车,一汽轿车"
300113,更多云服务 ;腾讯概念 ;腾讯平台 ;互联网金融 ;电子信息 ;融资融券 ;深股通 ;广告营销 ;转融券标的 ;虚拟现实 ;VR平台 ;文化传媒 ;网络直播 ;白马股 ;互联网平台 ;电子竞技 ;互联网+ ;手机游戏 ;云计算 ;网络安全 ;边缘计算,顺网科技
"300113,300113,300113,300113,300113,300113,300113,300113,300113,300113,300113,300113,300113,300113",,"顺网科技,顺网科技,顺网科技,顺网科技,顺网科技,顺网科技,顺网科技,顺网科技,顺网科技,顺网科技,顺网科技,顺网科技,顺网科技,顺网科技"
603068,新股与次新股,博通集成
"603068,603068,603068,603068,603068,603068,603068,603068,603068,603068",,"博通集成,博通集成,博通集成,博通集成,博通集成,博通集成,博通集成,博通集成,博通集成,博通集成"
300435,更多节能环保 ;天然气 ;煤化工 ;燃料电池 ;氢能源 ;一带一路,中泰股份
"300435,300435,300435,300435,300435,300435,300435,300435,300435,300435",,"中泰股份,中泰股份,中泰股份,中泰股份,中泰股份,中泰股份,中泰股份,中泰股份,中泰股份,中泰股份"
002742,更多职业教育 ;生物医药 ;工程建材 ;维生素 ;一带一路 ;中非合作,三圣股份
"002742,002742,002742,002742,002742,002742,002742,002742,002742,002742,002742,002742,002742,002742,002742,002742,002742,002742,002742,002742,002742,002742,002742,002742,002742,002742,002742,002742",,"三圣股份,三圣股份,三圣股份,三圣股份,三圣股份,三圣股份,三圣股份,三圣股份,三圣股份,三圣股份,三圣股份,三圣股份,三圣股份,三圣股份,三圣股份,三圣股份,三圣股份,三圣股份,三圣股份,三圣股份,三圣股份,三圣股份,三圣股份,三圣股份,三圣股份,三圣股份,三圣股份,三圣股份"
300711,专网通信 ;军民融合 ;5G,广哈通信
"300711,300711,300711,300711,300711,300711,300711",,"广哈通信,广哈通信,广哈通信,广哈通信,广哈通信,广哈通信,广哈通信"
603042,军工 ;光纤光缆 ;光通信设备 ;5G,华脉科技
"603042,603042",,"华脉科技,华脉科技"
002761,更多人工智能 ;智能家居 ;新零售 ;股权转让 ;小猪佩奇 ;柔性屏 ;高送转,多喜爱
"002761,002761,002761,002761,002761,002761,002761,002761,002761,002761,002761,002761,002761,002761,002761,002761,002761,002761",,"多喜爱,多喜爱,多喜爱,多喜爱,多喜爱,多喜爱,多喜爱,多喜爱,多喜爱,多喜爱,多喜爱,多喜爱,多喜爱,多喜爱,多喜爱,多喜爱,多喜爱,多喜爱"
300252,更多雷达 ;光纤 ;基站射频 ;军民融合 ;光纤光缆 ;国产航母 ;军工 ;5G,金信诺
"300252,300252,300252,300252,300252,300252,300252,300252,300252,300252,300252,300252,300252,300252,300252",,"金信诺,金信诺,金信诺,金信诺,金信诺,金信诺,金信诺,金信诺,金信诺,金信诺,金信诺,金信诺,金信诺,金信诺,金信诺"
002783,更多参股新三板 ;生态农业 ;军工 ;军民融合 ;地方国资改革 ;氢能源 ;燃料电池,凯龙股份
"002783,002783,002783,002783,002783,002783,002783,002783,002783,002783,002783,002783,002783,002783,002783,002783,002783,002783,002783,002783",,"凯龙股份,凯龙股份,凯龙股份,凯龙股份,凯龙股份,凯龙股份,凯龙股份,凯龙股份,凯龙股份,凯龙股份,凯龙股份,凯龙股份,凯龙股份,凯龙股份,凯龙股份,凯龙股份,凯龙股份,凯龙股份,凯龙股份,凯龙股份"
603300,融资租赁 ;京津冀一体化 ;金改 ;养老金持股,华铁科技
"603300,603300,603300,603300,603300,603300,603300,603300,603300,603300",,"华铁科技,华铁科技,华铁科技,华铁科技,华铁科技,华铁科技,华铁科技,华铁科技,华铁科技,华铁科技"
000626,SDR概念 ;外贸 ;舟山新区 ;人民币贬值受益,远大控股
"000626,000626,000626,000626,000626,000626",,"远大控股,远大控股,远大控股,远大控股,远大控股,远大控股"
600459,更多PM2.5 ;废气处理 ;固废处理 ;稀缺资源 ;再生金属 ;铂矿 ;尾气治理 ;钌催化剂 ;稀有金属 ;军工 ;融资融券 ;沪股通 ;节能环保 ;转融券标的 ;新材料概念 ;地方国资改革 ;小金属概念 ;云南国资改革,贵研铂业
"600459,600459,600459,600459,600459,600459,600459,600459,600459",,"贵研铂业,贵研铂业,贵研铂业,贵研铂业,贵研铂业,贵研铂业,贵研铂业,贵研铂业,贵研铂业"
002115,更多量子计算 ;创投 ;王者荣耀 ;量子通信 ;TMT ;电子信息 ;节能环保 ;通信基站 ;5G ;广告营销 ;文化传媒 ;移动互联网 ;年报预增,三维通信
"002115,002115,002115,002115,002115,002115,002115,002115,002115,002115,002115",,"三维通信,三维通信,三维通信,三维通信,三维通信,三维通信,三维通信,三维通信,三维通信,三维通信,三维通信"
300194,更多抗艾滋病 ;抗肿瘤 ;仿制药 ;抗癌 ;医保目录 ;商誉减值 ;工业大麻,福安药业
"300194,300194,300194,300194,300194,300194,300194,300194,300194,300194,300194,300194,300194,300194,300194,300194,300194,300194,300194,300194,300194,300194,300194,300194,300194,300194,300194,300194",,"福安药业,福安药业,福安药业,福安药业,福安药业,福安药业,福安药业,福安药业,福安药业,福安药业,福安药业,福安药业,福安药业,福安药业,福安药业,福安药业,福安药业,福安药业,福安药业,福安药业,福安药业,福安药业,福安药业,福安药业,福安药业,福安药业,福安药业,福安药业"
002198,诺贝尔 ;抗癌 ;中医药 ;工业大麻,嘉应制药
"002198,002198,002198,002198,002198,002198,002198,002198,002198,002198",,"嘉应制药,嘉应制药,嘉应制药,嘉应制药,嘉应制药,嘉应制药,嘉应制药,嘉应制药,嘉应制药,嘉应制药"
600731,食品安全 ;蜱虫 ;湖南国资改革 ;地方国资改革,湖南海利
"600731,600731,600731",,"湖南海利,湖南海利,湖南海利"
600917,更多重庆自贸区 ;沪股通 ;LNG加气站 ;重庆国资改革 ;地方国资改革 ;天然气 ;机构重仓 ;燃料电池,重庆燃气
"600917,600917",,"重庆燃气,重庆燃气"
600963,更多林场改革 ;园林开发 ;造纸转暖 ;诚通系 ;PPP概念 ;国改双百行动 ;雄安新区 ;人民币升值 ;纸浆 ;央企国资改革 ;工业大麻,岳阳林纸
"600963,600963,600963,600963,600963,600963,600963,600963,600963,600963,600963,600963,600963",,"岳阳林纸,岳阳林纸,岳阳林纸,岳阳林纸,岳阳林纸,岳阳林纸,岳阳林纸,岳阳林纸,岳阳林纸,岳阳林纸,岳阳林纸,岳阳林纸,岳阳林纸"
"002676,002676,002676,002676,002676,002676",,"顺威股份,顺威股份,顺威股份,顺威股份,顺威股份,顺威股份"
000627,更多线型 ;MSCI概念 ;甲醇 ;融资融券 ;深股通 ;转融券标的 ;互联网保险 ;科创板预期,天茂集团
"000627,000627,000627,000627,000627,000627,000627,000627,000627,000627,000627,000627,000627,000627,000627,000627,000627,000627",,"天茂集团,天茂集团,天茂集团,天茂集团,天茂集团,天茂集团,天茂集团,天茂集团,天茂集团,天茂集团,天茂集团,天茂集团,天茂集团,天茂集团,天茂集团,天茂集团,天茂集团,天茂集团"
002089,更多云服务 ;军民融合 ;IPV6 ;宽带中国 ;碳纳米管 ;光纤 ;量子通信 ;锂电制造 ;光纤光缆 ;锂电原料 ;新能源物流车 ;节能照明 ;新能源汽车 ;锂电池 ;5G ;创投 ;边缘计算,新海宜
"002089,002089,002089,002089,002089,002089,002089,002089,002089,002089,002089,002089,002089",,"新海宜,新海宜,新海宜,新海宜,新海宜,新海宜,新海宜,新海宜,新海宜,新海宜,新海宜,新海宜,新海宜"
002210,更多物流骨干网 ;电子商务 ;上海自贸区 ;节能环保 ;深股通 ;西气东输 ;固废处理 ;垃圾发电 ;国资驰援 ;粤港澳大湾区,飞马国际
"002210,002210,002210,002210,002210,002210,002210,002210,002210,002210,002210,002210,002210,002210,002210,002210,002210,002210,002210,002210,002210,002210",,"飞马国际,飞马国际,飞马国际,飞马国际,飞马国际,飞马国际,飞马国际,飞马国际,飞马国际,飞马国际,飞马国际,飞马国际,飞马国际,飞马国际,飞马国际,飞马国际,飞马国际,飞马国际,飞马国际,飞马国际,飞马国际,飞马国际"
000416,更多青岛自贸区 ;金改 ;医保目录 ;壳资源 ;期货概念,民生控股
"000416,000416,000416,000416,000416,000416",,"民生控股,民生控股,民生控股,民生控股,民生控股,民生控股"
300310,更多移动互联网 ;健康中国 ;智能医疗 ;通信基站 ;5G ;工业互联网 ;物联网平台层 ;物联网 ;电信业整合 ;联通混改 ;华为概念 ;互联网医疗 ;边缘计算,宜通世纪
"300310,300310,300310,300310,300310,300310,300310,300310,300310,300310,300310,300310,300310,300310,300310,300310,300310,300310,300310,300310,300310,300310,300310,300310,300310,300310,300310,300310,300310,300310,300310",,"宜通世纪,宜通世纪,宜通世纪,宜通世纪,宜通世纪,宜通世纪,宜通世纪,宜通世纪,宜通世纪,宜通世纪,宜通世纪,宜通世纪,宜通世纪,宜通世纪,宜通世纪,宜通世纪,宜通世纪,宜通世纪,宜通世纪,宜通世纪,宜通世纪,宜通世纪,宜通世纪,宜通世纪,宜通世纪,宜通世纪,宜通世纪,宜通世纪,宜通世纪,宜通世纪,宜通世纪"
603559,5G,中通国脉
603559,,中通国脉
600568,更多抗癌 ;眼科医疗 ;细胞免疫治疗 ;铀矿 ;涉矿 ;互联网医疗 ;PPP概念 ;融资融券 ;转融券标的 ;医保目录 ;无人机 ;商誉减值,中珠医疗
"600568,600568,600568,600568,600568,600568,600568,600568,600568,600568",,"中珠医疗,中珠医疗,中珠医疗,中珠医疗,中珠医疗,中珠医疗,中珠医疗,中珠医疗,中珠医疗,中珠医疗"
300632,节能照明 ;富士康概念 ;白马股 ;年报预增,光莆股份
"300632,300632,300632,300632,300632",,"光莆股份,光莆股份,光莆股份,光莆股份,光莆股份"
600203,更多超导 ;福建物联网 ;指纹技术 ;节能照明 ;元器件 ;物联网 ;国改双百行动 ;新基建 ;超清视频 ;工业大麻 ;透明工厂,福日电子
"600203,600203,600203,600203,600203,600203",,"福日电子,福日电子,福日电子,福日电子,福日电子,福日电子"
"600460,600460,600460,600460",,"士兰微,士兰微,士兰微,士兰微"
603318,更多负极材料 ;锂电池 ;天然气 ;股权转让 ;国资驰援,派思股份
"603318,603318,603318,603318,603318,603318,603318,603318,603318,603318,603318,603318,603318,603318,603318,603318,603318",,"派思股份,派思股份,派思股份,派思股份,派思股份,派思股份,派思股份,派思股份,派思股份,派思股份,派思股份,派思股份,派思股份,派思股份,派思股份,派思股份,派思股份"
002552,更多航天军工 ;船舶升级概念 ;小额贷款 ;军工 ;新材料概念 ;摘帽,宝鼎科技
"002552,002552,002552,002552,002552,002552,002552,002552,002552,002552,002552,002552",,"宝鼎科技,宝鼎科技,宝鼎科技,宝鼎科技,宝鼎科技,宝鼎科技,宝鼎科技,宝鼎科技,宝鼎科技,宝鼎科技,宝鼎科技,宝鼎科技"
000878,更多再生金属 ;稀缺资源 ;国家科技大会 ;铜 ;融资融券 ;深股通 ;转融券标的 ;铜冶炼 ;期货概念,云南铜业
"000878,000878,000878,000878,000878",,"云南铜业,云南铜业,云南铜业,云南铜业,云南铜业"
002592,文化传媒 ;燃料电池,八菱科技
"002592,002592,002592,002592,002592,002592,002592,002592,002592",,"八菱科技,八菱科技,八菱科技,八菱科技,八菱科技,八菱科技,八菱科技,八菱科技,八菱科技"
002617,更多智能电网 ;锂电池 ;工业用地 ;新能源汽车 ;蓝宝石 ;深股通 ;光伏概念 ;电力物联网,露笑科技
"002617,002617,002617,002617,002617,002617,002617,002617,002617,002617,002617,002617,002617,002617,002617,002617,002617,002617,002617,002617,002617,002617,002617,002617,002617,002617,002617,002617,002617,002617,002617,002617,002617,002617,002617,002617,002617",,"露笑科技,露笑科技,露笑科技,露笑科技,露笑科技,露笑科技,露笑科技,露笑科技,露笑科技,露笑科技,露笑科技,露笑科技,露笑科技,露笑科技,露笑科技,露笑科技,露笑科技,露笑科技,露笑科技,露笑科技,露笑科技,露笑科技,露笑科技,露笑科技,露笑科技,露笑科技,露笑科技,露笑科技,露笑科技,露笑科技,露笑科技,露笑科技,露笑科技,露笑科技,露笑科技,露笑科技,露笑科技"
002641,太阳能 ;光伏概念 ;地下管网,永高股份
"002641,002641,002641",,"永高股份,永高股份,永高股份"
002446,更多车联网 ;智能路由器 ;智能汽车 ;基站天线 ;军民融合 ;汽车电子 ;移动天线 ;5G ;物联网 ;军工 ;华为概念 ;新基建,盛路通信
"002446,002446,002446,002446,002446,002446,002446,002446,002446,002446",,"盛路通信,盛路通信,盛路通信,盛路通信,盛路通信,盛路通信,盛路通信,盛路通信,盛路通信,盛路通信"
600845,更多电子信息 ;车联网 ;智能汽车 ;互联网+ ;国产软件 ;云计算 ;工业互联网 ;央企国资改革 ;大数据 ;年报预增 ;边缘计算 ;机构重仓,宝信软件
300250,更多智能家居 ;三网融合 ;5G ;智慧党建 ;大数据 ;证金持股,初灵信息
"300250,300250,300250,300250,300250,300250,300250,300250,300250,300250,300250,300250,300250,300250",,"初灵信息,初灵信息,初灵信息,初灵信息,初灵信息,初灵信息,初灵信息,初灵信息,初灵信息,初灵信息,初灵信息,初灵信息,初灵信息,初灵信息"
000695,更多滨海新区 ;在线教育 ;环渤海 ;天津自贸区 ;地方国资改革 ;天津国资改革,滨海能源
000969,更多低碳 ;央企控股 ;稀土永磁 ;蓝宝石 ;分布式发电 ;液态金属 ;新材料概念 ;特斯拉 ;融资融券 ;钨 ;深股通 ;转融券标的 ;钼 ;核电 ;碳纤维 ;无线充电 ;小金属概念 ;3D打印 ;央企国资改革 ;燃料电池 ;证金持股,安泰科技
"000969,000969,000969,000969",,"安泰科技,安泰科技,安泰科技,安泰科技"
002916,更多存储芯片 ;富士康概念 ;芯片概念 ;5G ;深股通 ;通信基站 ;芯片封装测试 ;集成电路概念 ;苹果概念 ;中航系 ;华为概念 ;央企国资改革 ;年报预增 ;MSCI预期,深南电路
"002916,002916",,"深南电路,深南电路"
600291,沪股通 ;MSCI预期,西水股份
"600291,600291,600291,600291,600291,600291,600291,600291,600291,600291",,"西水股份,西水股份,西水股份,西水股份,西水股份,西水股份,西水股份,西水股份,西水股份,西水股份"
600152,更多口罩 ;锂电制造 ;锂电池 ;年报预增 ;华为概念 ;华为汽车 ;燃料电池,维科技术
"600152,600152,600152",,"维科技术,维科技术,维科技术"
000970,更多节能环保 ;再生金属 ;风电 ;磁悬浮 ;低碳 ;央视财经50 ;新材料概念 ;融资融券 ;深股通 ;转融券标的 ;超级高铁 ;小金属概念 ;特斯拉 ;稀土永磁 ;中科院系 ;养老金持股,中科三环
000970,,中科三环
002402,更多电子烟 ;元器件 ;汽车电子 ;智能建筑 ;深股通 ;物联网平台层 ;物联网应用层 ;物联网感知层 ;芯片概念 ;股权转让 ;5G ;节能照明 ;雷达 ;智能家居 ;物联网 ;国资驰援 ;军工,和而泰
"002402,002402,002402,002402,002402,002402",,"和而泰,和而泰,和而泰,和而泰,和而泰,和而泰"
300383,更多互联网平台 ;工业互联网 ;云服务 ;深股通 ;云计算 ;大数据 ;区块链应用 ;区块链 ;网络切片 ;养老金持股,光环新网
"300383,300383,300383,300383,300383,300383,300383,300383,300383",,"光环新网,光环新网,光环新网,光环新网,光环新网,光环新网,光环新网,光环新网,光环新网"
600155,更多聚丙烯 ;地下管网 ;参股券商 ;雄安金融 ;融资融券 ;转融券标的 ;雄安新区 ;京津冀一体化 ;机构重仓,华创阳安
"600155,600155,600155,600155,600155,600155,600155,600155",,"华创阳安,华创阳安,华创阳安,华创阳安,华创阳安,华创阳安,华创阳安,华创阳安"
000851,更多创投 ;京东概念 ;物流电商平台 ;IPV6 ;互联网保险 ;央企控股 ;电子商务 ;电子信息 ;移动转售 ;电子标签 ;融资融券 ;移动互联网 ;转融券标的 ;物联网 ;物联网感知层 ;互联网+ ;大数据 ;互联网彩票 ;央企国资改革 ;新基建 ;边缘计算,高鸿股份
"000851,000851,000851,000851",,"高鸿股份,高鸿股份,高鸿股份,高鸿股份"
300543,智能家居 ;锂电设备 ;锂电池 ;创投,朗科智能
"300543,300543",,"朗科智能,朗科智能"
002463,更多云计算 ;沪台通 ;汽车电子 ;深股通 ;5G ;华为概念 ;年报预增 ;台湾概念股,沪电股份
"002463,002463,002463",,"沪电股份,沪电股份,沪电股份"
002250,更多金改 ;小额贷款 ;融资融券 ;深股通 ;转融券标的 ;创新药 ;贸易战影响股,联化科技
"002250,002250,002250,002250,002250",,"联化科技,联化科技,联化科技,联化科技,联化科技"
000686,更多参股新三板 ;互联网券商 ;振兴东北 ;融资融券 ;深股通 ;转融券标的 ;MSCI预期 ;证金持股,东北证券
"000686,000686,000686,000686,000686",,"东北证券,东北证券,东北证券,东北证券,东北证券"
603383,国产软件 ;金融科技 ;数字中国 ;互联网金融,顶点软件
"603383,603383,603383,603383,603383,603383",,"顶点软件,顶点软件,顶点软件,顶点软件,顶点软件,顶点软件"
002571,网络游戏 ;IP概念 ;股权转让 ;创投,德力股份
"002571,002571,002571,002571,002571,002571,002571,002571,002571,002571",,"德力股份,德力股份,德力股份,德力股份,德力股份,德力股份,德力股份,德力股份,德力股份,德力股份"
300430,工业4.0 ;健康中国 ;医疗器械概念,诚益通
"300430,300430,300430,300430,300430,300430,300430,300430",,"诚益通,诚益通,诚益通,诚益通,诚益通,诚益通,诚益通,诚益通"
300471,更多LNG动力船 ;页岩气 ;LNG加气站 ;天然气 ;股权转让 ;燃料电池 ;氢能源,厚普股份
"300471,300471,300471,300471,300471,300471,300471,300471,300471,300471,300471,300471,300471,300471",,"厚普股份,厚普股份,厚普股份,厚普股份,厚普股份,厚普股份,厚普股份,厚普股份,厚普股份,厚普股份,厚普股份,厚普股份,厚普股份,厚普股份"
600338,更多铟 ;锌 ;涉矿 ;稀有金属 ;锂电池 ;锂矿 ;沪股通 ;一带一路 ;贸易战影响股 ;锂电原料 ;小金属概念,西藏珠峰
"600338,600338,600338,600338,600338,600338,600338,600338,600338,600338",,"西藏珠峰,西藏珠峰,西藏珠峰,西藏珠峰,西藏珠峰,西藏珠峰,西藏珠峰,西藏珠峰,西藏珠峰,西藏珠峰"
"002114,002114,002114,002114,002114,002114",,"罗平锌电,罗平锌电,罗平锌电,罗平锌电,罗平锌电,罗平锌电"
000906,更多融资租赁 ;互联网钢铁 ;电子商务 ;浙江国资改革 ;地方国资改革 ;年报预增,浙商中拓
"000906,000906,000906",,"浙商中拓,浙商中拓,浙商中拓"
300679,更多移动射频 ;5G ;深股通 ;华为概念 ;消费电子 ;科创板预期,电连技术
"300679,300679,300679,300679,300679,300679",,"电连技术,电连技术,电连技术,电连技术,电连技术,电连技术"
000850,涉矿 ;地方国资改革 ;工业大麻,华茂股份
"000850,000850,000850,000850,000850",,"华茂股份,华茂股份,华茂股份,华茂股份,华茂股份"
603906,创投,龙蟠科技
"603906,603906",,"龙蟠科技,龙蟠科技"
600217,固废处理 ;供销社,中再资环
"600217,600217,600217,600217,600217",,"中再资环,中再资环,中再资环,中再资环,中再资环"
002330,更多职业教育 ;生猪屠宰 ;电子商务 ;兜底增持 ;猪肉 ;机构重仓,得利斯
"002330,002330,002330,002330,002330",,"得利斯,得利斯,得利斯,得利斯,得利斯"
603013,新股与次新股 ;汽车制造概念 ;央企国资改革 ;燃料电池,亚普股份
603118,更多宽带中国 ;基因测序 ;智能家居 ;虚拟现实 ;沪股通 ;通信基站 ;物联网平台层 ;物联网应用层 ;智能医疗 ;5G ;物联网 ;医疗器械概念 ;新基建 ;年报预增,共进股份
"603118,603118,603118,603118,603118,603118,603118,603118,603118,603118,603118,603118,603118,603118,603118,603118,603118,603118,603118,603118,603118,603118,603118,603118,603118,603118,603118,603118,603118,603118,603118,603118,603118,603118,603118,603118,603118,603118,603118,603118,603118",,"共进股份,共进股份,共进股份,共进股份,共进股份,共进股份,共进股份,共进股份,共进股份,共进股份,共进股份,共进股份,共进股份,共进股份,共进股份,共进股份,共进股份,共进股份,共进股份,共进股份,共进股份,共进股份,共进股份,共进股份,共进股份,共进股份,共进股份,共进股份,共进股份,共进股份,共进股份,共进股份,共进股份,共进股份,共进股份,共进股份,共进股份,共进股份,共进股份,共进股份,共进股份"
000593,更多供气 ;西气东输 ;雄安新区 ;涉矿 ;抗寒 ;小金属概念 ;黄金概念 ;天然气 ;兜底增持 ;股权转让 ;信托概念 ;地下管网,大通燃气
"000593,000593,000593",,"大通燃气,大通燃气,大通燃气"
"601166,601166,601166,601166,601166",,"兴业银行,兴业银行,兴业银行,兴业银行,兴业银行"
300002,更多职业教育 ;电子信息 ;在线教育 ;足球概念 ;融资融券 ;机器人概念 ;深股通 ;5G ;转融券标的 ;服务机器人 ;区块链应用 ;征信 ;大数据 ;手机游戏 ;工业互联网 ;人工智能 ;物联网 ;区块链 ;核电 ;态势感知,神州泰岳
"300002,300002,300002,300002,300002,300002,300002,300002,300002,300002",,"神州泰岳,神州泰岳,神州泰岳,神州泰岳,神州泰岳,神州泰岳,神州泰岳,神州泰岳,神州泰岳,神州泰岳"
000666,更多基因测序 ;深股通 ;信托概念 ;央企国资改革 ;恒大概念,经纬纺机
"000666,000666,000666",,"经纬纺机,经纬纺机,经纬纺机"
603767,乡村振兴 ;农机 ;新能源汽车,中马传动
603767,,中马传动
300050,更多大数据 ;职业教育 ;机器人概念 ;移动互联网 ;在线教育 ;通信基站 ;工业机器人 ;物联网感知层 ;物联网 ;5G ;边缘计算 ;横琴新区,世纪鼎利
"300050,300050,300050,300050,300050,300050,300050,300050,300050,300050,300050,300050,300050,300050,300050,300050,300050,300050,300050",,"世纪鼎利,世纪鼎利,世纪鼎利,世纪鼎利,世纪鼎利,世纪鼎利,世纪鼎利,世纪鼎利,世纪鼎利,世纪鼎利,世纪鼎利,世纪鼎利,世纪鼎利,世纪鼎利,世纪鼎利,世纪鼎利,世纪鼎利,世纪鼎利,世纪鼎利"
002176,更多新能源物流车 ;稀有金属 ;鄱阳湖经济区 ;涉矿 ;迪士尼 ;高岭土概念 ;赣南振兴 ;稀缺资源 ;节能电机 ;智能玻璃 ;融资融券 ;深股通 ;电机电控 ;转融券标的 ;新能源汽车 ;正极材料 ;锂电原料 ;锂矿 ;锂电池 ;燃料电池,江特电机
"002176,002176,002176,002176,002176,002176,002176,002176,002176,002176",,"江特电机,江特电机,江特电机,江特电机,江特电机,江特电机,江特电机,江特电机,江特电机,江特电机"
000807,更多稀缺资源 ;电力改革 ;涉矿 ;通信基站 ;融资融券 ;深股通 ;新能源汽车 ;炭素 ;转融券标的 ;贸易战影响股 ;氧化铝 ;有色铝 ;股权转让 ;央企国资改革 ;工业互联网 ;燃料电池,云铝股份
"000807,000807,000807,000807,000807,000807,000807,000807,000807",,"云铝股份,云铝股份,云铝股份,云铝股份,云铝股份,云铝股份,云铝股份,云铝股份,云铝股份"
300091,更多余热发电 ;污水处理 ;航天军工 ;核电 ;节能环保 ;农村环境治理 ;合同能源管理 ;军工 ;深股通 ;生物质能 ;高端装备 ;无人机 ;乡村振兴 ;股权转让 ;燃料电池 ;氢能源,金通灵
"300091,300091,300091,300091",,"金通灵,金通灵,金通灵,金通灵"
600490,更多超材料概念 ;临近空间 ;融资融券 ;白银 ;沪股通 ;铜 ;转融券标的 ;医保目录 ;涉矿 ;钴 ;小金属概念 ;黄金概念,鹏欣资源
"600490,600490,600490,600490,600490,600490,600490",,"鹏欣资源,鹏欣资源,鹏欣资源,鹏欣资源,鹏欣资源,鹏欣资源,鹏欣资源"
600393,更多涉矿 ;沪股通 ;养老地产 ;特色小镇 ;粤港澳大湾区,粤泰股份
"600393,600393,600393,600393,600393,600393,600393,600393,600393,600393",,"粤泰股份,粤泰股份,粤泰股份,粤泰股份,粤泰股份,粤泰股份,粤泰股份,粤泰股份,粤泰股份,粤泰股份"
000415,更多航空租赁 ;小额贷款 ;雄安新区 ;雄安金融 ;环渤海 ;滨海新区 ;融资融券 ;深股通 ;转融券标的 ;飞机租赁 ;融资租赁 ;海航系 ;金改 ;天津自贸区,渤海租赁
"000415,000415,000415,000415,000415,000415",,"渤海租赁,渤海租赁,渤海租赁,渤海租赁,渤海租赁,渤海租赁"
600094,更多融资租赁 ;参股保险 ;B转H ;融资融券 ;金控平台 ;转融券标的 ;沪股通,大名城
"600094,600094,600094,600094,600094,600094,600094,600094,600094",,"大名城,大名城,大名城,大名城,大名城,大名城,大名城,大名城,大名城"
"600980,600980",,"北矿科技,北矿科技"
603803,更多智能电网 ;沪股通 ;物联网 ;5G ;光通信设备 ;工业互联网 ;边缘计算,瑞斯康达
"603803,603803,603803",,"瑞斯康达,瑞斯康达,瑞斯康达"
002405,更多遥感技术 ;地理信息 ;智能交通 ;马云概念 ;智慧城市 ;诺基亚 ;宝马概念 ;国产替代 ;网约车 ;电子信息 ;腾讯概念 ;融资融券 ;深股通 ;转融券标的 ;AI芯片 ;卫星导航 ;大数据 ;车联网 ;汽车电子 ;蔚来汽车概念 ;人工智能 ;智能汽车 ;芯片概念 ;互联网+ ;无人驾驶 ;特斯拉 ;年报预增 ;独角兽概念 ;MSCI预期 ;国产软件 ;华为汽车 ;安邦系 ;证金持股 ;高送转,四维图新
"002405,002405,002405,002405,002405,002405",,"四维图新,四维图新,四维图新,四维图新,四维图新,四维图新"
"603618,603618",,"杭电股份,杭电股份"
300502,5G,新易盛
"300502,300502,300502,300502,300502,300502,300502,300502,300502",,"新易盛,新易盛,新易盛,新易盛,新易盛,新易盛,新易盛,新易盛,新易盛"
300313,更多中澳自贸区 ;奶牛养殖 ;参股新三板 ;土地流转 ;新疆建设兵团 ;牛羊肉 ;赛马概念,天山生物
"300313,300313,300313",,"天山生物,天山生物,天山生物"
300134,更多电子信息 ;基站射频 ;虚拟现实 ;小米概念 ;OLED材料 ;国资驰援 ;5G ;特斯拉 ;石墨烯 ;OLED ;无人驾驶 ;华为概念 ;柔性屏,大富科技
"300134,300134,300134,300134,300134,300134,300134",,"大富科技,大富科技,大富科技,大富科技,大富科技,大富科技,大富科技"
000977,更多两会 ;OGS触控屏 ;网络游戏 ;军工 ;去IOE ;电子信息 ;IPV6 ;智能路由器 ;国产软件 ;国产替代 ;电子发票 ;超级计算机 ;透明计算 ;数据存储 ;融资融券 ;显卡 ;深股通 ;转融券标的 ;GPU ;人工智能 ;智慧城市 ;机器学习 ;美团概念股 ;网易概念 ;今日头条概念 ;地方国资改革 ;云计算 ;MSCI预期 ;边缘计算 ;山东国资改革,浪潮信息
"000977,000977,000977",,"浪潮信息,浪潮信息,浪潮信息"
002056,更多PM2.5 ;空气净化 ;新能源 ;军工 ;永磁高铁 ;新材料概念 ;磷酸铁锂 ;融资融券 ;深股通 ;正极材料 ;光伏概念 ;苹果概念 ;锂电池 ;转融券标的 ;固态电池 ;覆铜板 ;小金属概念 ;特斯拉 ;稀土永磁 ;无线充电,横店东磁
"002056,002056,002056",,"横店东磁,横店东磁,横店东磁"
300615,基站射频 ;移动射频 ;5G ;新基建,欣天科技
"300615,300615,300615,300615",,"欣天科技,欣天科技,欣天科技,欣天科技"
300504,更多物联网传输层 ;物联网 ;光通信设备 ;深股通 ;5G ;边缘计算,天邑股份
"300504,300504,300504",,"天邑股份,天邑股份,天邑股份"
"600510,600510",,"黑牡丹,黑牡丹"
002848,数字电视 ;智能家居 ;5G ;超清视频,高斯贝尔
"002848,002848",,"高斯贝尔,高斯贝尔"
