code,concepts,name
603317,新股与次新股,天味食品
300292,更多智能路由器 ;宽带中国 ;广告营销 ;文化传媒 ;电子商务 ;光纤 ;今日头条概念 ;数字营销 ;物联网 ;新基建 ;5G ;独角兽概念 ;边缘计算,吴通控股
600868,更多新能源 ;融资融券 ;转融券标的 ;粤港澳大湾区 ;恒大概念,梅雁吉祥
300048,更多雄安交通 ;雄安新区 ;节能电机 ;共享汽车 ;共享经济 ;合同能源管理 ;机器人概念 ;节能环保 ;新能源整车 ;新能源汽车 ;充电桩 ;新基建 ;燃料电池,合康新能
600666,更多成渝特区 ;两江新区 ;高端装备 ;生物医药 ;MERS概念 ;医疗改革 ;蓝宝石 ;3D玻璃 ;医保目录 ;OLED,奥瑞德
509,更多西部开发 ;票交所 ;股权转让 ;园林开发 ;成渝特区 ;壳资源,华塑控股
600758,更多振兴东北 ;煤层气 ;地方国资改革 ;辽宁国资改革 ;燃料电池 ;氢能源,红阳能源
2656,更多腾讯概念 ;虚拟现实 ;移动互联网 ;深股通 ;互联网+ ;兜底增持,摩登大道
2057,更多元器件 ;债转股 ;安徽自贸区 ;铀矿 ;稀土永磁 ;央企控股 ;金属锰 ;小金属概念 ;央企国资改革 ;锂电池 ;新能源汽车 ;创投 ;燃料电池 ;高送转,中钢天源
300225,更多节能环保 ;股权转让 ;建筑涂料 ;央企国资改革 ;芯片概念,金力泰
823,更多元器件 ;WIN升级 ;智能终端 ;融资融券 ;联想概念 ;转融券标的 ;触摸屏 ;小米概念 ;覆铜板 ;广东国资改革 ;地方国资改革 ;苹果概念 ;柔性屏 ;证金持股,超声电子
601949,文化传媒 ;平面媒体 ;央企国资改革 ;知识产权保护,中国出版
600846,更多无人机 ;纳米纸 ;高校 ;PPP概念 ;迪士尼 ;融资融券 ;沪股通 ;转融券标的 ;污水处理 ;雄安新区 ;央企国资改革 ;燃料电池 ;氢能源,同济科技
600710,更多马歇尔计划 ;挖掘机 ;服务机器人 ;机器人概念 ;光伏概念 ;央企国资改革 ;工业互联网 ;养老概念,苏美达
600620,更多养老地产 ;老龄化 ;融资融券 ;养老概念 ;转融券标的 ;科创板预期 ;智能物流,天宸股份
2786,更多天津自贸区 ;环渤海 ;工业4.0 ;央企国资改革 ;新能源汽车 ;5G,银宝山新
601777,更多共享汽车 ;金改 ;汽车制造概念 ;特斯拉 ;智能交通 ;融资融券 ;转融券标的 ;共享经济 ;百度概念 ;无人驾驶 ;新能源汽车 ;证金持股 ;新能源整车 ;独角兽概念 ;锂电池 ;氢能源 ;燃料电池,力帆股份
300214,新材料概念 ;聚氯乙烯 ;股权转让,日科化学
300497,生物医药 ;白马股,富祥股份
2733,更多光伏概念 ;新能源汽车 ;动力电池回收 ;能源互联网 ;固态电池 ;锂电池 ;储能 ;燃料电池 ;年报预增 ;氢能源,雄韬股份
723,更多动力煤 ;稀缺煤 ;焦炭 ;机器人概念 ;焦煤 ;深股通 ;工业机器人 ;超级电容 ;粗苯 ;LNG加气站 ;新能源整车 ;新能源汽车 ;石墨电极 ;天然气 ;燃料电池 ;年报预增 ;氢能源,美锦能源
300768,新股与次新股 ;态势感知,迪普科技
300743,新股与次新股,天地数码
300739,人民币贬值受益 ;高送转,明阳电路
300735,更多5G ;汽车电子 ;深股通 ;华为概念 ;年报预增 ;透明工厂,光弘科技
300638,更多移动互联网 ;物联网感知层 ;阿里巴巴概念 ;5G ;物联网 ;移动支付 ;年报预增 ;边缘计算,广和通
603501,更多芯片概念 ;传感器 ;芯片设计 ;集成电路概念 ;超清视频,韦尔股份
603083,更多宽带中国 ;物联网 ;智能家居 ;5G ;工业互联网 ;新基建 ;边缘计算,剑桥科技
601997,更多MSCI概念 ;融资融券 ;沪股通 ;转融券标的 ;优先股概念 ;证金持股,贵阳银行
600599,更多众筹概念 ;春节概念 ;P2P概念 ;互联网+ ;互联网金融,熊猫金控
600081,更多纳米 ;汽车电子 ;电机电控 ;新能源汽车 ;华为概念 ;华为汽车,东风科技
300573,眼科医疗 ;医保目录,兴齐眼药
300538,更多国资驰援 ;小米概念 ;华为概念 ;年报预增 ;高送转 ;5G,同益股份
300362,PPP概念 ;污水处理 ;节能环保 ;固废处理,天翔环境
300229,更多超级计算机 ;依法治国概念 ;大数据 ;虚拟机器人 ;云计算 ;电子信息 ;SNS概念 ;智慧党建 ;移动互联网 ;腾讯概念 ;人工智能 ;网络安全 ;大数据反恐 ;反恐 ;搜索引擎 ;知识产权保护 ;互联网金融 ;融媒体,拓尔思
2219,更多藏药 ;抗癌 ;兰新白试验区 ;单抗 ;中医药 ;民营医院 ;股权转让,恒康医疗
63,更多智能穿戴 ;移动互联网 ;智能手表 ;IPV6 ;网络安全 ;京东概念 ;三网融合 ;电子信息 ;虚拟现实 ;国家科技大会 ;TMT ;融资融券 ;深股通 ;虚拟运营商 ;云计算 ;5G主设备 ;光纤 ;宽带中国 ;转融券标的 ;人工智能 ;VR设备 ;芯片概念 ;物联网平台层 ;智能终端 ;MSCI概念 ;白马爆雷 ;5G ;物联网 ;智慧城市 ;光通信设备 ;边缘计算 ;网络切片 ;科创板IPO,中兴通讯
300560,军工 ;5G ;数字中国,中富通
300698,更多智能医疗 ;物联网应用层 ;光通信设备 ;物联网 ;互联网医疗 ;5G,万马科技
2796,更多通信基站 ;电梯概念 ;5G ;年报预增 ;送转填权,世嘉科技
300394,更多量子通信 ;光纤 ;宽带中国 ;5G ;光通信设备 ;养老金持股,天孚通信
603598,更多影视娱乐 ;数字营销 ;今日头条概念 ;文化传媒 ;网易概念 ;短视频 ;独角兽概念 ;养老金持股 ;知识产权保护,引力传媒
300113,更多云服务 ;腾讯概念 ;腾讯平台 ;互联网金融 ;电子信息 ;融资融券 ;深股通 ;广告营销 ;转融券标的 ;虚拟现实 ;VR平台 ;文化传媒 ;网络直播 ;白马股 ;互联网平台 ;电子竞技 ;互联网+ ;手机游戏 ;云计算 ;网络安全 ;边缘计算,顺网科技
603068,新股与次新股,博通集成
300435,更多节能环保 ;天然气 ;煤化工 ;燃料电池 ;氢能源 ;一带一路,中泰股份
2742,更多职业教育 ;生物医药 ;工程建材 ;维生素 ;一带一路 ;中非合作,三圣股份
300711,专网通信 ;军民融合 ;5G,广哈通信
603042,军工 ;光纤光缆 ;光通信设备 ;5G,华脉科技
2761,更多人工智能 ;智能家居 ;新零售 ;股权转让 ;小猪佩奇 ;柔性屏 ;高送转,多喜爱
300252,更多雷达 ;光纤 ;基站射频 ;军民融合 ;光纤光缆 ;国产航母 ;军工 ;5G,金信诺
2783,更多参股新三板 ;生态农业 ;军工 ;军民融合 ;地方国资改革 ;氢能源 ;燃料电池,凯龙股份
603300,融资租赁 ;京津冀一体化 ;金改 ;养老金持股,华铁科技
626,SDR概念 ;外贸 ;舟山新区 ;人民币贬值受益,远大控股
600459,更多PM2.5 ;废气处理 ;固废处理 ;稀缺资源 ;再生金属 ;铂矿 ;尾气治理 ;钌催化剂 ;稀有金属 ;军工 ;融资融券 ;沪股通 ;节能环保 ;转融券标的 ;新材料概念 ;地方国资改革 ;小金属概念 ;云南国资改革,贵研铂业
2115,更多量子计算 ;创投 ;王者荣耀 ;量子通信 ;TMT ;电子信息 ;节能环保 ;通信基站 ;5G ;广告营销 ;文化传媒 ;移动互联网 ;年报预增,三维通信
300194,更多抗艾滋病 ;抗肿瘤 ;仿制药 ;抗癌 ;医保目录 ;商誉减值 ;工业大麻,福安药业
2198,诺贝尔 ;抗癌 ;中医药 ;工业大麻,嘉应制药
600731,食品安全 ;蜱虫 ;湖南国资改革 ;地方国资改革,湖南海利
600917,更多重庆自贸区 ;沪股通 ;LNG加气站 ;重庆国资改革 ;地方国资改革 ;天然气 ;机构重仓 ;燃料电池,重庆燃气
600963,更多林场改革 ;园林开发 ;造纸转暖 ;诚通系 ;PPP概念 ;国改双百行动 ;雄安新区 ;人民币升值 ;纸浆 ;央企国资改革 ;工业大麻,岳阳林纸
627,更多线型 ;MSCI概念 ;甲醇 ;融资融券 ;深股通 ;转融券标的 ;互联网保险 ;科创板预期,天茂集团
2089,更多云服务 ;军民融合 ;IPV6 ;宽带中国 ;碳纳米管 ;光纤 ;量子通信 ;锂电制造 ;光纤光缆 ;锂电原料 ;新能源物流车 ;节能照明 ;新能源汽车 ;锂电池 ;5G ;创投 ;边缘计算,新海宜
2210,更多物流骨干网 ;电子商务 ;上海自贸区 ;节能环保 ;深股通 ;西气东输 ;固废处理 ;垃圾发电 ;国资驰援 ;粤港澳大湾区,飞马国际
416,更多青岛自贸区 ;金改 ;医保目录 ;壳资源 ;期货概念,民生控股
300310,更多移动互联网 ;健康中国 ;智能医疗 ;通信基站 ;5G ;工业互联网 ;物联网平台层 ;物联网 ;电信业整合 ;联通混改 ;华为概念 ;互联网医疗 ;边缘计算,宜通世纪
603559,5G,中通国脉
600568,更多抗癌 ;眼科医疗 ;细胞免疫治疗 ;铀矿 ;涉矿 ;互联网医疗 ;PPP概念 ;融资融券 ;转融券标的 ;医保目录 ;无人机 ;商誉减值,中珠医疗
300632,节能照明 ;富士康概念 ;白马股 ;年报预增,光莆股份
600203,更多超导 ;福建物联网 ;指纹技术 ;节能照明 ;元器件 ;物联网 ;国改双百行动 ;新基建 ;超清视频 ;工业大麻 ;透明工厂,福日电子
603318,更多负极材料 ;锂电池 ;天然气 ;股权转让 ;国资驰援,派思股份
2552,更多航天军工 ;船舶升级概念 ;小额贷款 ;军工 ;新材料概念 ;摘帽,宝鼎科技
878,更多再生金属 ;稀缺资源 ;国家科技大会 ;铜 ;融资融券 ;深股通 ;转融券标的 ;铜冶炼 ;期货概念,云南铜业
2592,文化传媒 ;燃料电池,八菱科技
2617,更多智能电网 ;锂电池 ;工业用地 ;新能源汽车 ;蓝宝石 ;深股通 ;光伏概念 ;电力物联网,露笑科技
2641,太阳能 ;光伏概念 ;地下管网,永高股份
2446,更多车联网 ;智能路由器 ;智能汽车 ;基站天线 ;军民融合 ;汽车电子 ;移动天线 ;5G ;物联网 ;军工 ;华为概念 ;新基建,盛路通信
600845,更多电子信息 ;车联网 ;智能汽车 ;互联网+ ;国产软件 ;云计算 ;工业互联网 ;央企国资改革 ;大数据 ;年报预增 ;边缘计算 ;机构重仓,宝信软件
300250,更多智能家居 ;三网融合 ;5G ;智慧党建 ;大数据 ;证金持股,初灵信息
695,更多滨海新区 ;在线教育 ;环渤海 ;天津自贸区 ;地方国资改革 ;天津国资改革,滨海能源
969,更多低碳 ;央企控股 ;稀土永磁 ;蓝宝石 ;分布式发电 ;液态金属 ;新材料概念 ;特斯拉 ;融资融券 ;钨 ;深股通 ;转融券标的 ;钼 ;核电 ;碳纤维 ;无线充电 ;小金属概念 ;3D打印 ;央企国资改革 ;燃料电池 ;证金持股,安泰科技
2916,更多存储芯片 ;富士康概念 ;芯片概念 ;5G ;深股通 ;通信基站 ;芯片封装测试 ;集成电路概念 ;苹果概念 ;中航系 ;华为概念 ;央企国资改革 ;年报预增 ;MSCI预期,深南电路
600291,沪股通 ;MSCI预期,西水股份
600152,更多口罩 ;锂电制造 ;锂电池 ;年报预增 ;华为概念 ;华为汽车 ;燃料电池,维科技术
970,更多节能环保 ;再生金属 ;风电 ;磁悬浮 ;低碳 ;央视财经50 ;新材料概念 ;融资融券 ;深股通 ;转融券标的 ;超级高铁 ;小金属概念 ;特斯拉 ;稀土永磁 ;中科院系 ;养老金持股,中科三环
2402,更多电子烟 ;元器件 ;汽车电子 ;智能建筑 ;深股通 ;物联网平台层 ;物联网应用层 ;物联网感知层 ;芯片概念 ;股权转让 ;5G ;节能照明 ;雷达 ;智能家居 ;物联网 ;国资驰援 ;军工,和而泰
300383,更多互联网平台 ;工业互联网 ;云服务 ;深股通 ;云计算 ;大数据 ;区块链应用 ;区块链 ;网络切片 ;养老金持股,光环新网
600155,更多聚丙烯 ;地下管网 ;参股券商 ;雄安金融 ;融资融券 ;转融券标的 ;雄安新区 ;京津冀一体化 ;机构重仓,华创阳安
851,更多创投 ;京东概念 ;物流电商平台 ;IPV6 ;互联网保险 ;央企控股 ;电子商务 ;电子信息 ;移动转售 ;电子标签 ;融资融券 ;移动互联网 ;转融券标的 ;物联网 ;物联网感知层 ;互联网+ ;大数据 ;互联网彩票 ;央企国资改革 ;新基建 ;边缘计算,高鸿股份
300543,智能家居 ;锂电设备 ;锂电池 ;创投,朗科智能
2463,更多云计算 ;沪台通 ;汽车电子 ;深股通 ;5G ;华为概念 ;年报预增 ;台湾概念股,沪电股份
2250,更多金改 ;小额贷款 ;融资融券 ;深股通 ;转融券标的 ;创新药 ;贸易战影响股,联化科技
686,更多参股新三板 ;互联网券商 ;振兴东北 ;融资融券 ;深股通 ;转融券标的 ;MSCI预期 ;证金持股,东北证券
603383,国产软件 ;金融科技 ;数字中国 ;互联网金融,顶点软件
2571,网络游戏 ;IP概念 ;股权转让 ;创投,德力股份
300430,工业4.0 ;健康中国 ;医疗器械概念,诚益通
300471,更多LNG动力船 ;页岩气 ;LNG加气站 ;天然气 ;股权转让 ;燃料电池 ;氢能源,厚普股份
600338,更多铟 ;锌 ;涉矿 ;稀有金属 ;锂电池 ;锂矿 ;沪股通 ;一带一路 ;贸易战影响股 ;锂电原料 ;小金属概念,西藏珠峰
906,更多融资租赁 ;互联网钢铁 ;电子商务 ;浙江国资改革 ;地方国资改革 ;年报预增,浙商中拓
300679,更多移动射频 ;5G ;深股通 ;华为概念 ;消费电子 ;科创板预期,电连技术
850,涉矿 ;地方国资改革 ;工业大麻,华茂股份
603906,创投,龙蟠科技
600217,固废处理 ;供销社,中再资环
2330,更多职业教育 ;生猪屠宰 ;电子商务 ;兜底增持 ;猪肉 ;机构重仓,得利斯
603013,新股与次新股 ;汽车制造概念 ;央企国资改革 ;燃料电池,亚普股份
603118,更多宽带中国 ;基因测序 ;智能家居 ;虚拟现实 ;沪股通 ;通信基站 ;物联网平台层 ;物联网应用层 ;智能医疗 ;5G ;物联网 ;医疗器械概念 ;新基建 ;年报预增,共进股份
593,更多供气 ;西气东输 ;雄安新区 ;涉矿 ;抗寒 ;小金属概念 ;黄金概念 ;天然气 ;兜底增持 ;股权转让 ;信托概念 ;地下管网,大通燃气
300002,更多职业教育 ;电子信息 ;在线教育 ;足球概念 ;融资融券 ;机器人概念 ;深股通 ;5G ;转融券标的 ;服务机器人 ;区块链应用 ;征信 ;大数据 ;手机游戏 ;工业互联网 ;人工智能 ;物联网 ;区块链 ;核电 ;态势感知,神州泰岳
666,更多基因测序 ;深股通 ;信托概念 ;央企国资改革 ;恒大概念,经纬纺机
603767,乡村振兴 ;农机 ;新能源汽车,中马传动
300050,更多大数据 ;职业教育 ;机器人概念 ;移动互联网 ;在线教育 ;通信基站 ;工业机器人 ;物联网感知层 ;物联网 ;5G ;边缘计算 ;横琴新区,世纪鼎利
2176,更多新能源物流车 ;稀有金属 ;鄱阳湖经济区 ;涉矿 ;迪士尼 ;高岭土概念 ;赣南振兴 ;稀缺资源 ;节能电机 ;智能玻璃 ;融资融券 ;深股通 ;电机电控 ;转融券标的 ;新能源汽车 ;正极材料 ;锂电原料 ;锂矿 ;锂电池 ;燃料电池,江特电机
807,更多稀缺资源 ;电力改革 ;涉矿 ;通信基站 ;融资融券 ;深股通 ;新能源汽车 ;炭素 ;转融券标的 ;贸易战影响股 ;氧化铝 ;有色铝 ;股权转让 ;央企国资改革 ;工业互联网 ;燃料电池,云铝股份
300091,更多余热发电 ;污水处理 ;航天军工 ;核电 ;节能环保 ;农村环境治理 ;合同能源管理 ;军工 ;深股通 ;生物质能 ;高端装备 ;无人机 ;乡村振兴 ;股权转让 ;燃料电池 ;氢能源,金通灵
600490,更多超材料概念 ;临近空间 ;融资融券 ;白银 ;沪股通 ;铜 ;转融券标的 ;医保目录 ;涉矿 ;钴 ;小金属概念 ;黄金概念,鹏欣资源
600393,更多涉矿 ;沪股通 ;养老地产 ;特色小镇 ;粤港澳大湾区,粤泰股份
415,更多航空租赁 ;小额贷款 ;雄安新区 ;雄安金融 ;环渤海 ;滨海新区 ;融资融券 ;深股通 ;转融券标的 ;飞机租赁 ;融资租赁 ;海航系 ;金改 ;天津自贸区,渤海租赁
600094,更多融资租赁 ;参股保险 ;B转H ;融资融券 ;金控平台 ;转融券标的 ;沪股通,大名城
603803,更多智能电网 ;沪股通 ;物联网 ;5G ;光通信设备 ;工业互联网 ;边缘计算,瑞斯康达
2405,更多遥感技术 ;地理信息 ;智能交通 ;马云概念 ;智慧城市 ;诺基亚 ;宝马概念 ;国产替代 ;网约车 ;电子信息 ;腾讯概念 ;融资融券 ;深股通 ;转融券标的 ;AI芯片 ;卫星导航 ;大数据 ;车联网 ;汽车电子 ;蔚来汽车概念 ;人工智能 ;智能汽车 ;芯片概念 ;互联网+ ;无人驾驶 ;特斯拉 ;年报预增 ;独角兽概念 ;MSCI预期 ;国产软件 ;华为汽车 ;安邦系 ;证金持股 ;高送转,四维图新
300502,5G,新易盛
300313,更多中澳自贸区 ;奶牛养殖 ;参股新三板 ;土地流转 ;新疆建设兵团 ;牛羊肉 ;赛马概念,天山生物
300134,更多电子信息 ;基站射频 ;虚拟现实 ;小米概念 ;OLED材料 ;国资驰援 ;5G ;特斯拉 ;石墨烯 ;OLED ;无人驾驶 ;华为概念 ;柔性屏,大富科技
977,更多两会 ;OGS触控屏 ;网络游戏 ;军工 ;去IOE ;电子信息 ;IPV6 ;智能路由器 ;国产软件 ;国产替代 ;电子发票 ;超级计算机 ;透明计算 ;数据存储 ;融资融券 ;显卡 ;深股通 ;转融券标的 ;GPU ;人工智能 ;智慧城市 ;机器学习 ;美团概念股 ;网易概念 ;今日头条概念 ;地方国资改革 ;云计算 ;MSCI预期 ;边缘计算 ;山东国资改革,浪潮信息
2056,更多PM2.5 ;空气净化 ;新能源 ;军工 ;永磁高铁 ;新材料概念 ;磷酸铁锂 ;融资融券 ;深股通 ;正极材料 ;光伏概念 ;苹果概念 ;锂电池 ;转融券标的 ;固态电池 ;覆铜板 ;小金属概念 ;特斯拉 ;稀土永磁 ;无线充电,横店东磁
300615,基站射频 ;移动射频 ;5G ;新基建,欣天科技
300504,更多物联网传输层 ;物联网 ;光通信设备 ;深股通 ;5G ;边缘计算,天邑股份
2848,数字电视 ;智能家居 ;5G ;超清视频,高斯贝尔
,,
758,更多稀有金属 ;铌 ;东盟自贸区 ;稀缺资源 ;央企控股 ;涉矿 ;再生金属 ;融资融券 ;深股通 ;锌 ;转融券标的 ;中非合作 ;小金属概念 ;稀土永磁 ;有色铝 ;央企国资改革,中色股份
2298,更多仪电仪表 ;安防 ;元器件 ;共享汽车 ;反恐 ;阅兵 ;智能电网 ;冬奥会 ;锌电池 ;新能源 ;轨道交通 ;5G ;PPP概念 ;共享经济 ;充电桩 ;无人机 ;股权转让 ;智慧城市 ;燃料电池 ;边缘计算 ;国产软件,中电兴发
600831,更多三网融合 ;腾讯概念 ;国开行 ;PPP概念 ;文化传媒 ;数字电视 ;新媒体 ;微信概念 ;智能终端 ;网络电视 ;融资融券 ;广播电视 ;转融券标的 ;知识产权保护 ;互联网金融 ;大数据 ;地方国资改革 ;互联网+ ;智慧城市 ;证金持股 ;新基建 ;超清视频,广电网络
300123,更多军民融合 ;海洋经济 ;高端装备 ;元器件 ;芯片概念 ;军工 ;游艇 ;光通信设备 ;集成电路概念 ;5G ;年报预增,亚光科技
600640,更多在线旅游 ;阿里巴巴概念 ;电子商务 ;IP概念 ;央企控股 ;电子信息 ;易信 ;王者荣耀 ;网络视频 ;融资融券 ;数字阅读 ;转融券标的 ;文化传媒 ;电信业整合 ;手机游戏 ;央企国资改革 ;紫光系 ;机构重仓,号百控股
603045,新股与次新股 ;智能电网 ;高送转预期,福达合金
300198,更多地下管网 ;福建基建 ;排水 ;共享汽车 ;电机电控 ;共享经济 ;核电 ;PPP概念 ;海绵城市 ;新能源汽车,纳川股份
300348,更多智慧城市 ;互联网银行 ;金融信息服务 ;股权转让 ;腾讯概念 ;深股通 ;互联网金融 ;高送转,长亮科技
600523,更多高端装备 ;通用航空 ;私人飞机 ;军工 ;航天军工 ;无人机 ;融资融券 ;转融券标的 ;大飞机 ;中航系 ;央企国资改革,贵航股份
300115,更多智能穿戴 ;三星 ;智能终端 ;WIN升级 ;苹果概念 ;小米概念 ;融资融券 ;深股通 ;5G ;转融券标的 ;工业机器人 ;工业4.0 ;机器人概念 ;新能源汽车 ;芯片设计 ;芯片概念 ;消费电子 ;燃料电池 ;宁德时代概念 ;华为概念 ;证金持股,长盈精密
2902,5G ;光通信设备 ;高送转,铭普光磁
2428,更多锗涨价 ;融资融券 ;转融券标的 ;砷化镓 ;稀有金属 ;军工 ;小金属概念 ;光伏概念,云南锗业
1,更多MSCI概念 ;融资融券 ;深股通 ;转融券标的 ;优先股概念,平安银行
2288,更多参股民营银行 ;安防 ;覆铜板 ;智慧城市 ;独角兽概念,超华科技
603499,工业互联网,翔港科技
300366,更多节能环保 ;大数据 ;云计算 ;华为概念 ;5G,创意信息
2138,更多无人机 ;淘宝手机 ;手机芯片 ;元器件 ;智能终端 ;黄金暴跌受益 ;汽车电子 ;融资融券 ;电阻 ;深股通 ;移动射频 ;转融券标的 ;小米概念 ;股权转让 ;5G ;物联网 ;无线充电 ;移动支付 ;华为概念 ;台湾概念股,顺络电子
2281,更多武汉光谷 ;东湖高新园区 ;光纤 ;中部崛起 ;宽带中国 ;云计算 ;融资融券 ;深股通 ;转融券标的 ;芯片概念 ;5G ;量子通信 ;光通信设备 ;MSCI预期,光迅科技
2579,更多智能手表 ;养老概念 ;融资融券 ;触摸屏 ;转融券标的 ;汽车电子 ;智能穿戴 ;小米概念 ;5G ;华为概念 ;年报预增 ;OLED ;柔性屏 ;紫光系,中京电子
2313,更多IPV6 ;国家科技大会 ;地理信息 ;光纤 ;电子信息 ;宽带中国 ;融资融券 ;深股通 ;转融券标的 ;物联网 ;物联网平台层 ;兜底增持 ;5G ;新基建 ;边缘计算,日海智能
300191,更多油页岩 ;燃油 ;油气开采 ;油品升级 ;融资融券 ;深股通 ;转融券标的 ;可燃冰 ;天然气 ;页岩气,潜能恒信
600206,更多多晶硅 ;OLED ;央企控股 ;4D打印 ;钌催化剂 ;新材料概念 ;融资融券 ;硅晶圆 ;沪股通 ;芯片概念 ;芯片材料 ;转融券标的 ;靶材 ;军工 ;砷化镓 ;OLED材料 ;小金属概念 ;稀土永磁 ;央企国资改革 ;年报预增 ;科创板IPO,有研新材
300145,更多工业用地 ;海水淡化 ;海洋经济 ;深股通 ;危废处理 ;PPP概念 ;固废处理 ;污水处理 ;股权转让 ;地方国资改革 ;江苏国资改革,中金环境
2476,更多油气开采 ;海岛整治修复 ;海洋油污清理 ;致密气 ;股权转让 ;聚丙烯 ;融资融券 ;转融券标的 ;天然气 ;页岩气,宝莫股份
962,更多碳化硅 ;新材料概念 ;稀缺资源 ;轻型合金 ;智能玻璃 ;超级电容 ;铌 ;锂电池 ;钛 ;稀有金属 ;超导 ;小金属概念 ;央企国资改革 ;燃料电池 ;证金持股,东方钽业
2316,更多参股券商 ;电子信息 ;电子政务 ;云通信 ;5G ;大数据 ;移动互联网 ;物联网 ;物联网感知层 ;金融科技 ;智能交通 ;移动支付 ;智慧城市 ;独角兽概念 ;数字中国,亚联发展
2017,更多NFC ;移动互联网 ;横琴新区 ;电子信息 ;换芯 ;移动金融 ;金融信息服务 ;金融IC ;物联网 ;医保目录 ;物联网传输层 ;移动支付 ;央企国资改革 ;新基建 ;5G ;证金持股,东信和平
2594,更多锂矿 ;锌电池 ;分布式发电 ;元器件 ;IGBT ;三星 ;MSCI概念 ;汽车电商 ;特斯拉 ;新能源 ;汽车制造概念 ;充电桩 ;电动汽车 ;轨道交通 ;超级品牌 ;车联网 ;智能汽车 ;融资融券 ;盐湖提锂 ;深股通 ;转融券标的 ;锂电制造 ;锂电池 ;3D玻璃 ;大消费 ;互联网+ ;无人驾驶 ;新能源整车 ;储能 ;新能源汽车,比亚迪
2229,更多腾讯平台 ;人民币升值 ;金融IC ;融资融券 ;转融券标的 ;赛马概念 ;世界杯 ;基站天线 ;互联网+ ;互联网彩票 ;5G ;华为概念,鸿博股份
300602,更多基站天线 ;Facebook概念 ;华为概念 ;深股通 ;5G ;高送转 ;送转填权,飞荣达
300267,维生素 ;证金持股 ;工业大麻 ;超级真菌,尔康制药
2861,更多智能穿戴 ;小米概念 ;无线充电 ;富士康概念 ;苹果概念 ;消费电子,瀛通通讯
2019,更多新材料概念 ;可降解塑料 ;深股通 ;胰岛素 ;白马股 ;医保目录 ;生物医药 ;创新药 ;维生素 ;MSCI预期,亿帆医药
2408,更多可降解塑料 ;融资融券 ;深股通 ;转融券标的 ;丁二烯 ;MTBE ;甲乙酮 ;油品升级 ;环氧丙烷 ;氢能源 ;证金持股,齐翔腾达
600487,更多军工 ;智慧城市 ;新能源 ;太赫兹 ;物联网 ;海洋经济 ;融资融券 ;电梯物联网 ;沪股通 ;传感器 ;转融券标的 ;MSCI概念 ;大国重器标的 ;一带一路 ;工业4.0 ;光纤 ;光纤光缆 ;能源互联网 ;芯片概念 ;5G ;宽带中国 ;特高压 ;网络安全 ;白马股 ;大数据 ;新能源汽车 ;充电桩 ;量子通信 ;海工装备 ;华为概念 ;长三角一体化,亨通光电
300597,高校 ;5G ;边缘计算,吉大通信
603360,--,百傲化学
1696,更多两江新区 ;P2P概念 ;东盟自贸区 ;成渝特区 ;机器人概念 ;汽车电商 ;融资融券 ;军用无人机 ;军民融合 ;小额贷款 ;转融券标的 ;航空发动机 ;通用航空 ;无人机 ;军工 ;燃料电池,宗申动力
603602,通信基站 ;5G,纵横通信
300068,更多铅蓄电池 ;石墨烯手机 ;新能源 ;深股通 ;电动自行车 ;锂电制造 ;动力电池回收 ;锂电池 ;5G ;新能源汽车 ;能源互联网 ;小金属概念 ;石墨烯 ;储能 ;燃料电池,南都电源
300325,更多供应链金融 ;能源互联网 ;大飞机 ;新能源汽车 ;锦纶 ;新材料概念 ;燃料电池 ;氢能源,德威新材
2080,更多污水处理 ;油改气 ;玻璃纤维 ;节能环保 ;新能源 ;深股通 ;锂电池 ;锂电隔膜 ;新材料概念 ;风电 ;中材系 ;央企国资改革 ;氢能源,中材科技
603612,新材料概念 ;沪股通,索通发展
2565,更多造纸转暖 ;云印刷 ;土壤修复 ;电子烟 ;环保包装 ;白卡纸 ;工业大麻,顺灏股份
300548,5G ;成泉资本持股 ;华为概念 ;长三角一体化,博创科技
601212,更多铜 ;涉矿 ;铜冶炼 ;钼 ;中非合作 ;小金属概念 ;黄金概念,白银有色
2459,更多空中巴士 ;雄安新区 ;一带一路 ;萤石 ;铁路基建 ;雄安基建 ;机械装备 ;股权转让 ;光伏概念 ;壳资源 ;独角兽概念,天业通联
2727,更多参股民营银行 ;健康中国 ;中医药 ;深股通 ;互联网+ ;医疗器械概念 ;医药电商 ;互联网医疗,一心堂
506,涉矿 ;股权转让 ;手机游戏,中润资源
600505,电力改革 ;西电东送 ;央企国资改革 ;年报预增,西昌电力
2485,股权转让 ;人民币贬值受益 ;年报预增 ;机构重仓,希努尔
2175,更多东盟北部湾 ;仪电仪表 ;文化传媒 ;虚拟现实 ;IP概念 ;股权转让 ;动漫 ;影视娱乐 ;超清视频,东方网络
2735,无线充电,王子新材
983,更多循环经济 ;动力煤 ;稀缺煤 ;抗寒 ;MSCI概念 ;融资融券 ;深股通 ;转融券标的 ;焦煤 ;稀缺资源 ;山西国资改革 ;地方国资改革 ;证金持股,西山煤电
2885,更多充电桩 ;光伏概念 ;富士康概念 ;OLED设备制造 ;OLED ;无线充电 ;小米概念 ;华为概念 ;5G ;高送转,京泉华
600121,更多稀缺资源 ;动力煤 ;河南国资改革 ;地方国资改革 ;证金持股,郑州煤电
2308,更多全息手机 ;小间距LED ;在线教育 ;反恐 ;智慧城市 ;幼儿教育 ;融资融券 ;深股通 ;转融券标的 ;二胎概念 ;大数据 ;百度概念 ;超清视频,威创股份
2645,更多再生金属 ;危废处理 ;固废处理 ;废品回收 ;美丽中国 ;节能环保,华宏科技
600050,更多智能家居 ;联通混改 ;央企控股 ;移动支付 ;通信基站 ;宽带中国 ;量子通信 ;融资融券 ;区块链 ;移动转售 ;沪股通 ;区块链应用 ;大数据 ;物联网 ;转融券标的 ;5G运营商 ;物联网平台层 ;物联网传输层 ;MSCI概念 ;电信业整合 ;空铁WIFI ;中字头股票 ;5G ;央企国资改革 ;外汇局持股,中国联通
623,更多参股券商 ;抗癌 ;振兴东北 ;医疗改革 ;融资融券 ;深股通 ;转融券标的 ;中医药 ;医保目录 ;人参 ;MSCI预期,吉林敖东
300375,高铁 ;橡胶 ;高送转,鹏翎股份
600770,更多光伏概念 ;TMT ;新能源 ;量子霍尔 ;金融IC ;国产替代 ;电子商务 ;芯片概念 ;膜材料 ;超级计算机 ;量子通信 ;移动互联网 ;电子发票 ;大上海 ;参股新三板 ;两会 ;云计算 ;网络游戏 ;融资融券 ;转融券标的 ;芯片设计 ;互联网+ ;手机游戏 ;互联网彩票 ;创投,综艺股份
2837,更多云计算 ;充电桩 ;新能源物流车 ;通信基站 ;轨道交通 ;新能源汽车 ;5G ;军工 ;新基建,英维克
300593,军民融合 ;航天军工 ;军工 ;5G,新雷能
881,更多北京环球影城 ;东北亚经贸中心 ;大连自贸区 ;中韩自贸区 ;水产品 ;海洋经济 ;海底隧道 ;深股通 ;国改双百行动 ;核电,中广核技
2725,更多汽车制造概念 ;芯片制造 ;光通信设备 ;芯片概念 ;独角兽概念 ;年报预增 ;5G ;证金持股,跃岭股份
2259,更多胶合板 ;纤维板 ;风沙治理 ;林场改革 ;跨境电商 ;ST板块 ;壳资源 ;天然气 ;股权转让,ST升达
600725,更多涉矿 ;低碳 ;焦煤 ;股权转让 ;ST板块 ;煤化工 ;甲醛 ;地方国资改革 ;云南国资改革,ST云维
300599,地下管网,雄塑科技
2188,ST板块 ;壳资源 ;文化传媒 ;长三角一体化,*ST巴士
885,河南国资改革 ;地方国资改革 ;垃圾发电 ;河南自贸区,城发环境
600198,更多NFC ;创投 ;IPV6 ;微电子 ;元器件 ;农业信息化 ;卫星导航 ;央企控股 ;三网融合 ;智能穿戴 ;新兴板概念 ;换芯 ;智能终端 ;移动互联网 ;电子信息 ;电子书 ;车联网 ;银联 ;5G主设备 ;ST板块 ;芯片设计 ;芯片概念 ;金融IC ;集成电路概念 ;5G ;物联网 ;智慧城市 ;移动支付 ;央企国资改革 ;证金持股,*ST大唐
300106,更多新疆建设兵团 ;家庭农场 ;奶牛养殖 ;新疆振兴 ;牛羊肉 ;二胎概念 ;地方国资改革 ;乳业,西部牧业
2260,更多低碳 ;私人飞机 ;民用无人机 ;贸易战影响股 ;ST板块 ;无人机 ;壳资源 ;家用电器 ;通用航空,*ST德奥
982,ST板块,*ST中绒
600877,更多两江新区 ;ST板块 ;航天军工 ;中字头股票 ;军民融合 ;锂电池 ;军工改制 ;央企国资改革 ;中兵系,*ST嘉陵
600080,更多多肽药 ;抗癌 ;生物医药 ;创新药 ;医疗器械概念,金花股份
2803,更多跨境电商 ;环保包装 ;移动互联网 ;白马股 ;送转填权 ;年报预增,吉宏股份
600281,更多新材料概念 ;甲醇 ;纳米 ;烧碱 ;PVC ;煤化工 ;粗苯 ;山西国资改革 ;地方国资改革,太化股份
300319,更多触摸屏 ;元器件 ;基站天线 ;5G ;移动射频 ;国产替代 ;国资驰援 ;华为概念 ;新基建 ;股权转让 ;创投,麦捷科技
300351,更多轨道交通 ;铁路基建 ;苹果概念 ;汽车电子 ;特斯拉 ;高铁 ;元器件 ;一带一路 ;新能源汽车 ;军民融合 ;军工 ;新基建,永贵电器
600634,航天军工 ;ST板块 ;网络游戏 ;手机游戏,*ST富控
300054,更多蓝宝石 ;中部崛起 ;OLED ;深股通 ;芯片材料 ;芯片设计 ;芯片概念 ;集成电路概念 ;柔性屏,鼎龙股份
600829,更多振兴东北 ;医疗改革 ;中医药 ;健康中国 ;医保目录 ;地方国资改革 ;医疗器械概念 ;民营医院 ;流感 ;机构重仓,人民同泰
2881,5G ;物联网感知层 ;物联网 ;电力物联网,美格智能
603690,更多机器学习 ;人工智能 ;集成电路概念 ;养老金持股 ;光通信设备 ;5G ;新基建,至纯科技
2396,更多文化传媒 ;IPV6 ;电子信息 ;智能家居 ;智能路由器 ;空铁WIFI ;在线教育 ;宽带中国 ;国家科技大会 ;国产替代 ;移动互联网 ;融资融券 ;深股通 ;网络直播 ;5G主设备 ;转融券标的 ;美团概念股 ;云计算 ;5G ;物联网 ;数字中国 ;移动支付 ;腾讯音乐概念 ;网络切片 ;证金持股,星网锐捷
601881,融资融券 ;沪股通 ;转融券标的 ;央企国资改革,中国银河
2010,更多光热 ;雄安新区 ;国开行 ;互联网大会 ;新能源物流车 ;丁二烯 ;分散染料 ;深股通 ;区块链底层 ;新能源整车 ;新能源汽车 ;区块链应用 ;车联网 ;智能物流 ;区块链 ;移动支付 ;MSCI预期 ;机构重仓,传化智联
2177,更多新版人民币 ;NFC ;国产替代 ;村镇银行 ;区块链储备 ;ATM机 ;人脸识别 ;证金持股 ;区块链 ;虹膜识别 ;创投 ;互联网金融,御银股份
600701,更多黄豆 ;高校 ;机器人概念 ;淀粉 ;人工智能 ;振兴东北 ;中俄自贸区 ;工业机器人 ;ST板块 ;大豆 ;人脸识别 ;网络安全,*ST工新
603698,节能环保 ;央企国资改革 ;机构重仓 ;煤化工,航天工程
2334,更多节能电机 ;锂电池 ;合同能源管理 ;IGBT ;工业机器人 ;充电桩 ;新能源汽车 ;机器人概念 ;燃料电池 ;物联网 ;工业互联网 ;透明工厂,英威腾
2524,更多钢结构 ;一带一路 ;参股保险 ;西部开发 ;新型城镇化 ;天然气 ;健康中国 ;眼科医疗 ;壳资源 ;创投 ;新疆振兴 ;地下管网,光正集团
600866,更多手足口病 ;基因芯片 ;调味品 ;食品中国峰会 ;医保目录 ;地方国资改革 ;医疗器械概念 ;紫光系 ;广东国资改革,星湖科技
600052,金改 ;体育产业 ;文化传媒 ;影视娱乐,浙江广厦
300206,更多病毒检测芯片 ;健康中国 ;POCT ;智能医疗 ;体外诊断 ;医疗器械概念 ;年报预增,理邦仪器
600345,更多智能穿戴 ;宽带中国 ;东湖高新园区 ;中部崛起 ;节能照明 ;武汉光谷 ;全息手机 ;智能眼镜 ;虚拟现实 ;武汉自贸区 ;光纤光缆 ;VR设备 ;沪股通 ;光纤 ;智能交通 ;5G ;光通信设备,长江通信
300290,更多国产软件 ;数据存储 ;灾备存储 ;全运会 ;大数据 ;智能医疗 ;兜底增持 ;云计算 ;股权转让 ;独角兽概念,荣科科技
300339,更多智能终端 ;SAAS ;金融信息服务 ;国产软件 ;智能电网 ;深股通 ;区块链应用 ;区块链储备 ;蚂蚁金服概念 ;金融科技 ;区块链 ;独角兽概念 ;边缘计算,润和软件
300288,更多虚拟运营商 ;网络游戏 ;智能医疗 ;SNS概念 ;互联网平台 ;网络直播 ;5G ;医药电商 ;大数据 ;移动转售 ;互联网+ ;互联网医疗,朗玛信息
2161,更多智能终端 ;食品中国峰会 ;移动支付 ;物联网 ;铁路基建 ;融资融券 ;转融券标的 ;物联网感知层 ;轨道交通 ;电子车牌 ;食品安全 ;电子标签 ;迪士尼 ;芯片概念 ;智慧城市 ;无人零售 ;创投,远望谷
600048,更多土地增值 ;租售同权 ;MSCI概念 ;参股券商 ;养老地产 ;融资融券 ;沪股通 ;转融券标的 ;住房租赁 ;安邦系,保利地产
603486,更多智能家居 ;服务机器人 ;新股与次新股 ;人工智能 ;家用电器 ;机器人概念 ;沪股通,科沃斯
300444,更多智能电网 ;锂电隔膜 ;锂电池 ;年报预增 ;电力物联网,双杰电气
600176,更多融资租赁 ;工业4.0 ;新材料概念 ;玻璃纤维 ;融资融券 ;沪股通 ;一带一路 ;转融券标的 ;中材系 ;MSCI预期 ;长三角一体化,中国巨石
2686,更多跨境电商 ;新能源 ;新能源汽车 ;富勒烯 ;股权转让 ;地方国资改革 ;浙江国资改革,亿利达
2158,更多沪台通 ;冷链物流 ;雄安地热 ;雄安新区 ;融资融券 ;转融券标的 ;工业互联网 ;地热能 ;燃料电池 ;台湾概念股,汉钟精机
600130,更多智能终端 ;腾讯概念 ;微信概念 ;淘宝手机 ;微信小程序 ;壳资源 ;卫星导航,波导股份
300174,更多PM2.5 ;网络游戏 ;活性炭 ;手机游戏 ;年报预增 ;郭台铭概念,元力股份
300046,更多沪台通 ;芯片概念 ;IGBT ;参股新三板 ;芯片制造 ;文化传媒 ;集成电路概念 ;影视娱乐,台基股份
600293,更多股权转让 ;多晶硅 ;稀缺资源 ;融资融券 ;转融券标的 ;玻璃,三峡新材
601601,更多央视财经50 ;MSCI概念 ;融资融券 ;沪股通 ;转融券标的 ;中字头股票,中国太保
2426,更多联想概念 ;智能终端 ;触摸屏 ;三星 ;机器人概念 ;苹果概念 ;深股通 ;工业机器人 ;特斯拉 ;锂电隔膜 ;3D玻璃 ;工业4.0 ;OLED ;锂电池 ;消费电子,胜利精密
793,更多海南旅游岛 ;虚拟现实 ;三沙 ;参股新三板 ;TMT ;新媒体 ;融资融券 ;文化传媒 ;深股通 ;平面媒体 ;转融券标的 ;车联网 ;海南自贸区 ;创投 ;动漫 ;央企国资改革 ;参股券商 ;边缘计算 ;超清视频 ;科创板IPO ;区块链,华闻传媒
2140,更多供应链金融 ;现代服务业 ;互联网金融 ;融资融券 ;转融券标的 ;PPP概念 ;乙二醇 ;污水处理 ;煤化工 ;互联网+ ;央企国资改革,东华科技
300301,更多职业教育 ;PPP概念 ;幼儿教育 ;节能照明 ;参股新三板 ;股权转让 ;跨境电商,长方集团
600746,更多壳资源 ;醋酸 ;地方国资改革 ;股权转让 ;甲醇 ;氢能源,江苏索普
600096,更多中以自贸区 ;涉矿 ;锂电池 ;玻璃纤维 ;钾离子电池 ;黑磷 ;融资融券 ;锂电隔膜 ;转融券标的 ;乡村振兴 ;尿素 ;国改双百行动 ;磷酸一铵 ;地方国资改革 ;磷化工 ;化肥 ;云南国资改革 ;煤化工,云天化
2912,更多国产软件 ;5G ;深股通 ;深圳国资改革 ;广东国资改革 ;地方国资改革 ;大数据 ;网络安全 ;养老金持股,中新赛克
300404,健康中国 ;创新药,博济医药
300441,新零售 ;机床制造 ;商品新零售 ;工业4.0,鲍斯股份
600677,更多CAD ;智能家居 ;大飞机 ;央企控股 ;阅兵 ;嫦娥概念 ;航空航天 ;火箭军 ;电子信息 ;预警机 ;无人机 ;融资融券 ;转融券标的 ;航天系 ;专网通信 ;航天军工 ;网络安全 ;军工 ;央企国资改革 ;年报预增 ;太空互联网 ;紫光系,航天通信
600230,更多雄安新区 ;融资融券 ;沪股通 ;转融券标的 ;硝酸 ;尿素 ;TDI ;三聚氰胺 ;股权转让 ;央企国资改革 ;煤化工,沧州大化
600747,更多元器件 ;互联网金融 ;大连自贸区 ;东北亚经贸中心 ;环渤海 ;ST板块 ;在线教育 ;涉矿 ;期货概念 ;职业教育 ;证金持股 ;一元股,ST大控
2582,更多土地流转 ;村镇银行 ;商品新零售 ;休闲零食 ;电子商务 ;新零售 ;互联网+,好想你
300167,更多超材料概念 ;安防 ;智能交通 ;股权转让 ;国资驰援 ;智慧城市,迪威迅
2628,更多成都天府新区 ;西部开发 ;股权转让 ;PPP概念 ;氢能源 ;燃料电池,成都路桥
2587,更多互联网金融 ;智能终端 ;裸眼3D ;区块链应用 ;节能照明 ;世界杯 ;金融科技 ;机器人概念 ;足球概念 ;区块链 ;无人银行 ;超清视频,奥拓电子
801,更多仪电仪表 ;三网融合 ;成渝特区 ;元器件 ;智能电视 ;电子信息 ;融资融券 ;转融券标的 ;大飞机 ;5G ;军民融合 ;地方国资改革 ;年报预增 ;超清视频,四川九洲
603912,5G,佳力图
56,更多融资租赁 ;小额再贷款 ;参股保险 ;参股基金 ;林场改革 ;租售同权 ;兜底增持 ;智能物流,皇庭国际
2380,更多合同能源管理 ;仪电仪表 ;智能电网 ;节能减排 ;工业机器人 ;机器人概念 ;工业4.0 ;成泉资本持股 ;电力物联网 ;透明工厂 ;王亚伟持股,科远股份
300312,更多移动入口 ;互联网保险 ;智能家居 ;智能穿戴 ;物联网传输层 ;电信业整合 ;手机游戏 ;5G ;物联网 ;互联网金融,邦讯技术
889,更多环渤海 ;股权转让 ;深股通 ;美团概念股 ;5G ;互联网金融 ;金融科技,中嘉博创
300624,更多智能家居 ;移动互联网 ;贸易战影响股 ;谷歌概念 ;物联网 ;深股通 ;国产软件,万兴科技
650,更多鄱阳湖经济区 ;小额贷款 ;眼科医疗 ;融资融券 ;深股通 ;中医药 ;转融券标的 ;医保目录 ;互联网医疗,仁和药业
603527,--,众源新材
603228,沪股通 ;OLED ;柔性屏 ;机构重仓,景旺电子
88,更多油改气 ;广东基建 ;融资融券 ;深股通 ;转融券标的 ;航运港口 ;一带一路 ;深圳国资改革 ;广东国资改革 ;地方国资改革 ;粤港澳大湾区 ;雄安新区 ;机构重仓 ;证金持股,盐田港
603860,公路建设 ;央企国资改革,中公高科
300748,稀土永磁 ;新股与次新股 ;新能源汽车,金力永磁
300380,更多征信 ;国产软件 ;证金持股 ;互联网金融 ;年报预增,安硕信息
601318,更多上海金改 ;MSCI概念 ;央视财经50 ;融资融券 ;沪股通 ;转融券标的 ;互联网保险 ;白马股 ;中字头股票 ;征信 ;独角兽概念,中国平安
2274,更多煤化工 ;尿素 ;氯化铵 ;燃料电池 ;年报预增 ;氢能源 ;甲醇 ;科创板IPO ;高送转,华昌化工
300338,更多能源互联网 ;在线教育 ;职业教育 ;物联网应用层 ;物联网,开元股份
601818,更多MSCI概念 ;融资融券 ;沪股通 ;转融券标的 ;优先股概念 ;证金持股,光大银行
300074,更多反恐 ;健康中国 ;幼儿教育 ;智能医疗 ;依法治国概念 ;智能电视 ;智能家居 ;智能终端 ;流媒体 ;手势识别 ;智慧城市 ;安防 ;大数据 ;在线教育 ;创投 ;互联网医疗 ;新基建 ;超清视频,华平股份
300370,更多油品改革 ;油气开采 ;安防 ;智能建筑 ;工业4.0 ;海南自贸区 ;兜底增持 ;天然气 ;创投 ;工业互联网 ;网络安全 ;智慧城市 ;新基建 ;边缘计算 ;透明工厂,安控科技
950,更多两江新区 ;国改双百行动 ;基因测序 ;生物医药 ;医疗器械概念 ;医药电商 ;超级真菌 ;股权转让,重药控股
2258,更多吡啶 ;成渝特区 ;生物农药 ;百草枯 ;登革热 ;蜱虫 ;白马股 ;深股通 ;央企国资改革,利尔化学
2099,更多焦虑症 ;抗癌 ;医疗改革 ;兽药 ;融资融券 ;深股通 ;转融券标的 ;分散染料 ;年报预增 ;流感,海翔药业
722,更多洞庭湖生态经济区 ;页岩气 ;交通示范区 ;养老地产 ;湖南自贸区 ;长江经济带 ;地方国资改革 ;养老概念 ;供销社 ;湖南国资改革,湖南发展
2046,更多铁路基建 ;高端装备 ;机床制造 ;中原经济区 ;央企控股 ;军工 ;军民融合 ;乡村振兴 ;农机 ;超硬材料 ;央企国资改革,轴研科技
300578,5G ;大数据 ;电子政务,会畅通讯
300205,更多TMT ;NFC ;在线教育 ;移动互联网 ;金融信息服务 ;换芯 ;电子信息 ;银联 ;指纹技术 ;融资融券 ;转融券标的 ;指纹支付 ;互联网金融 ;金融IC ;高校 ;物联网传输层 ;物联网 ;移动支付 ;年报预增 ;国产软件 ;数字中国,天喻信息
300427,更多智能电网 ;电力改革 ;能源互联网 ;军民融合 ;轨道交通 ;军工 ;新基建 ;年报预增,红相股份
603986,更多汽车电子 ;国家大基金持股 ;存储芯片 ;芯片制造 ;芯片设计 ;芯片概念 ;AI芯片 ;人工智能 ;内存 ;MCU ;集成电路概念 ;物联网 ;沪股通 ;超清视频,兆易创新
600776,更多电子信息 ;融资融券 ;转融券标的 ;专网通信 ;网络安全 ;央企国资改革 ;5G ;证金持股,东方通信
2670,更多参股券商 ;消费金融 ;互联网保险 ;深股通 ;区块链,国盛金控
2104,更多电子标签 ;数字货币 ;金融信息服务 ;换芯 ;移动互联网 ;NFC ;电子信息 ;融资融券 ;转融券标的 ;区块链储备 ;金融IC ;物联网传输层 ;移动金融 ;中非合作 ;物联网 ;证金持股 ;区块链 ;移动支付 ;互联网金融,恒宝股份
300124,更多央视财经50 ;IGBT ;机器人概念 ;工业4.0 ;仪电仪表 ;工控信息安全 ;光伏概念 ;融资融券 ;深股通 ;工业机器人 ;轨道交通 ;电机电控 ;转融券标的 ;新能源汽车 ;贸易战影响股 ;新能源整车 ;工业互联网 ;新基建 ;MSCI预期,汇川技术
300183,更多央视财经50 ;创投 ;一带一路 ;智能家居 ;依法治国概念 ;深股通 ;智能电网 ;芯片概念 ;苹果概念 ;小米概念 ;物联网感知层 ;物联网传输层 ;MCU ;物联网 ;能源互联网 ;集成电路概念 ;知识产权保护 ;边缘计算 ;电力物联网,东软载波
601628,更多中字头股票 ;参股券商 ;MSCI概念 ;融资融券 ;沪股通 ;转融券标的 ;联通混改 ;独角兽概念 ;央企国资改革 ;证金持股,中国人寿
603396,更多太阳能 ;光伏概念 ;工业4.0 ;锂电设备 ;锂电池,金辰股份
600192,更多智能电网 ;油气开采 ;锂电池 ;风电 ;地方国资改革 ;苹果期货 ;甘肃国资改革 ;燃料电池,长城电工
300591,电子商务,万里马
600926,更多融资融券 ;MSCI概念 ;沪股通 ;转融券标的 ;地方国资改革 ;优先股概念 ;浙江国资改革,杭州银行
300640,人民币贬值受益 ;高送转,德艺文创
300112,更多智能表 ;配电网 ;超声治疗 ;环境监测 ;服务机器人 ;物联网应用层 ;物联网 ;机器人概念 ;机器视觉,万讯自控
662,更多广西中医药 ;东盟北部湾 ;深股通 ;智能家居 ;大数据 ;安防 ;智慧城市 ;国产软件 ;数字孪生 ;区块链,天夏智慧
300352,更多军民融合 ;超级计算机 ;智能家居 ;物联网 ;区块链储备 ;电子政务 ;人工智能 ;区块链 ;网络安全 ;国产软件,北信源
300371,更多仪电仪表 ;雄安新区 ;物联网应用层 ;物联网 ;证金持股,汇中股份
600058,更多外贸 ;涉矿 ;央企控股 ;互联网钢铁 ;稀土整合 ;电子商务 ;融资融券 ;铬铁 ;铁矿石 ;转融券标的 ;国改双百行动 ;小金属概念 ;央企国资改革 ;证金持股,五矿发展
601229,更多MSCI概念 ;融资融券 ;沪股通 ;转融券标的 ;优先股概念,上海银行
2368,更多大数据反恐 ;军工改制 ;电子信息 ;网约车 ;汽车电子 ;阿里巴巴概念 ;数据存储 ;去IOE ;智能终端 ;融资融券 ;深股通 ;转融券标的 ;智慧城市 ;电子政务 ;数字中国 ;贸易战影响股 ;云计算 ;大数据 ;网络安全 ;央企国资改革 ;中国电科系 ;态势感知,太极股份
300085,更多云计算 ;参股券商 ;跨境电商 ;征信 ;金融科技 ;深股通 ;区块链储备 ;区块链 ;互联网保险 ;大数据 ;移动互联网 ;电子商务 ;互联网金融 ;国产软件,银之杰
561,更多电子信息 ;航天军工 ;国开行 ;航空航天 ;火箭军 ;军民融合 ;卫星导航 ;阅兵 ;地方国资改革 ;军工,烽火电子
2365,保健品 ;证金持股,永安药业
600797,更多高校 ;电子信息 ;电子政务 ;蚂蚁金服概念 ;碳海绵 ;气凝胶 ;服务外包 ;网络游戏 ;融资融券 ;高铁 ;转融券标的 ;人工智能 ;大数据 ;轨道交通 ;区块链底层 ;互联网+ ;云计算 ;阿里巴巴概念 ;国产软件 ;互联网医疗 ;智慧城市 ;区块链,浙大网新
2738,更多一带一路 ;锂电原料 ;锂矿 ;锂电池 ;年报预增,中矿资源
630,更多稀缺资源 ;稀有金属 ;MSCI概念 ;循环经济 ;新材料概念 ;铜 ;融资融券 ;白银 ;深股通 ;钼 ;转融券标的 ;铜冶炼 ;国改双百行动 ;安徽国资改革 ;地方国资改革 ;小金属概念,铜陵有色
2491,更多宽带中国 ;深股通 ;光纤光缆 ;移动互联网 ;光纤 ;大数据 ;5G ;光通信设备 ;网络安全 ;独角兽概念 ;参股新三板 ;科创板IPO ;长三角一体化,通鼎互联
300130,更多移动金融 ;银联 ;NFC ;指纹技术 ;电子信息 ;互联网银行 ;SDR概念 ;微信概念 ;移动pos机 ;数字货币 ;区块链应用 ;物联网应用层 ;物联网 ;征信 ;移动互联网 ;微信小程序 ;大数据 ;区块链 ;移动支付 ;网络安全 ;腾讯概念 ;年报预增,新国都
636,更多微电子 ;沪台通 ;智能穿戴 ;元器件 ;涉矿 ;稀土永磁 ;陶瓷电容 ;正极材料 ;负极材料 ;基站射频 ;5G ;汽车电子 ;电阻 ;地方国资改革 ;小金属概念 ;黄金概念 ;锂电池 ;华为概念 ;年报预增 ;广东国资改革,风华高科
300030,更多空气净化 ;埃博拉概念 ;PPP概念 ;融资租赁 ;证金持股 ;医疗器械概念,阳普医疗
2092,更多聚氯乙烯 ;脱硫脱硝 ;新疆振兴 ;涉矿 ;融资融券 ;深股通 ;转融券标的 ;白马股 ;电石 ;地方国资改革 ;粘胶短纤 ;石墨烯 ;PVC ;烧碱 ;MSCI预期 ;煤化工,中泰化学
300204,多肽药 ;生物医药 ;乙肝治疗 ;创新药,舒泰神
300265,更多光纤 ;特高压 ;大上海 ;电缆 ;光纤光缆 ;航空航天 ;军民融合 ;5G ;军工 ;光通信设备,通光线缆
300209,更多智能医疗 ;网约车 ;汽车电子 ;涉矿 ;智能交通 ;车联网 ;智能汽车 ;物联网 ;物联网应用层 ;电子商务 ;跨境电商 ;无人驾驶 ;5G ;柔性屏 ;国产软件,天泽信息
601009,更多MSCI概念 ;融资融券 ;沪股通 ;转融券标的 ;优先股概念,南京银行
2217,更多指纹技术 ;众筹概念 ;3D玻璃 ;触摸屏 ;深股通 ;富士康概念 ;智能穿戴 ;硝酸 ;OLED显示模组 ;OLED ;股权转让 ;融资融券 ;转融券标的 ;无线充电 ;5G ;消费电子 ;华为概念 ;地方国资改革 ;国资驰援 ;MSCI预期,合力泰
2895,深股通 ;磷酸一铵 ;磷化工,川恒股份
300142,更多冠状病毒 ;西尼罗病毒 ;霍乱 ;炭疽 ;HPV疫苗 ;深股通 ;生物医药 ;抗癌 ;乙肝治疗 ;创新药 ;生物疫苗 ;流感 ;MSCI预期,沃森生物
300173,更多环保包装 ;军工 ;3D玻璃 ;工业4.0 ;机器人概念 ;工业机器人 ;国资驰援 ;股权转让 ;地方国资改革 ;广东国资改革,智慧松德
300302,更多数据存储 ;云计算 ;去IOE ;军工 ;电子信息 ;灾备存储 ;大数据 ;存储芯片 ;芯片概念,同有科技
600111,更多参股新三板 ;稀缺资源 ;稀土整合 ;再生金属 ;MSCI概念 ;稀有金属 ;融资融券 ;沪股通 ;新材料概念 ;转融券标的 ;地方国资改革 ;小金属概念 ;稀土永磁,北方稀土
2549,更多洞庭湖生态经济区 ;碳交易 ;在线教育 ;人工降雨 ;节能环保 ;年报预增 ;机构重仓 ;氢能源,凯美特气
600348,更多低碳 ;稀缺煤 ;融资融券 ;沪股通 ;转融券标的 ;煤层气 ;煤化工 ;地方国资改革 ;MSCI预期 ;证金持股 ;山西国资改革,阳泉煤业
300161,更多高端装备 ;武汉光谷 ;埃博拉概念 ;阿里巴巴概念 ;3D打印 ;职业教育 ;机床制造 ;高校 ;工业4.0 ;工业机器人 ;机器人概念 ;新能源汽车 ;工业互联网 ;数字孪生,华中数控
713,更多早籼稻 ;玉米种业 ;棉 ;黄豆 ;普麦 ;强麦 ;晚籼稻 ;农业供给侧改革 ;超级稻 ;三农 ;粳稻 ;贸易战受益股 ;生物育种 ;化肥 ;地方国资改革 ;乡村振兴 ;转基因 ;年报预增 ;安徽国资改革 ;大豆 ;玉米 ;草甘膦 ;一带一路 ;农村电商,丰乐种业
600332,更多狂犬病 ;南沙新区 ;情人节 ;达菲 ;疟疾 ;医疗改革 ;三旧改造 ;青蒿素 ;禽流感 ;MSCI概念 ;阿里巴巴概念 ;融资融券 ;沪股通 ;医药电商 ;转融券标的 ;生物医药 ;老字号 ;医保目录 ;乙肝治疗 ;中医药 ;健康中国 ;国产伟哥 ;广东国资改革 ;地方国资改革 ;医疗器械概念 ;创新药 ;保健品 ;饮料 ;年报预增 ;证金持股 ;超级真菌 ;机构重仓,白云山
300547,新能源汽车 ;军工 ;高送转,川环科技
2375,更多幕墙 ;特种玻璃 ;高铁 ;虚拟现实 ;建筑节能 ;钢结构 ;装配式建筑 ;智能建筑 ;融资融券 ;深股通 ;转融券标的 ;迪士尼 ;智能家居 ;超级高铁 ;3D打印,亚厦股份
300556,更多虚拟现实 ;增强现实 ;雄安新区 ;数字视觉 ;文化传媒 ;阿里巴巴概念 ;机器视觉 ;年报预增 ;国产软件,丝路视觉
2196,更多节能电机 ;小额贷款 ;新能源物流车 ;电机电控 ;新能源汽车,方正电机
532,更多IPV6 ;横琴新区 ;重金属治理 ;元器件 ;互联网平台 ;参股新三板 ;广东国资改革 ;珠海国资改革 ;地方国资改革 ;独角兽概念 ;创投 ;石墨烯,华金资本
603066,双十一 ;智能物流,音飞储存
601028,更多中巴经济走廊 ;煤层气 ;天然气管道 ;油气管网 ;西气东输 ;地下管网 ;一带一路 ;正极材料 ;锂电池 ;石墨烯,玉龙股份
603399,更多辉钼 ;钼 ;文化传媒 ;小金属概念 ;百度概念 ;影视娱乐,吉翔股份
603421,更多智能电网 ;沪股通 ;芯片概念 ;物联网应用层 ;物联网,鼎信通讯
603938,光纤 ;氢能源,三孚股份
2028,更多特高压 ;节能电机 ;仪电仪表 ;军工 ;电动汽车 ;智能电网 ;中巴经济走廊 ;超级电容 ;低碳 ;轨道交通 ;融资融券 ;深股通 ;转融券标的 ;芯片概念 ;充电桩 ;储能 ;电力物联网,思源电气
2935,更多新股与次新股 ;军工 ;卫星导航 ;5G ;中国电科系 ;央企国资改革 ;军民融合 ;华为概念 ;高送转预期,天奥电子
601678,更多绿色建筑 ;制冷剂 ;小额贷款 ;军民融合 ;股权转让 ;融资融券 ;参股保险 ;沪股通 ;转融券标的 ;液氯 ;环氧丙烷 ;烧碱 ;燃料电池 ;氢能源 ;煤化工,滨化股份
600036,更多招商系 ;MSCI概念 ;融资融券 ;沪股通 ;转融券标的 ;优先股概念 ;安邦系,招商银行
603679,节能照明 ;新能源汽车 ;华为汽车 ;5G,华体科技
300231,更多智慧城市 ;互联网银行 ;参股新三板 ;大数据 ;华为概念,银信科技
603085,工业4.0 ;航空航天,天成自控
615,更多参股券商 ;粘胶短纤 ;养老概念 ;健康中国 ;特色小镇 ;雄安地产 ;雄安新区,京汉股份
2074,更多新能源 ;大上海 ;智能电网 ;仪电仪表 ;融资融券 ;深股通 ;正极材料 ;锂电制造 ;转融券标的 ;固态电池 ;北汽新能源 ;新能源汽车 ;充电桩 ;动力电池回收 ;锂电池 ;储能 ;MSCI预期,国轩高科
300004,PM2.5 ;核电 ;3D打印,南风股份
582,更多东盟北部湾 ;北部湾自贸区 ;深股通 ;一带一路 ;东盟自贸区 ;国改双百行动 ;地方国资改革,北部湾港
795,更多新材料概念 ;新能源 ;苹果概念 ;新能源汽车 ;小金属概念 ;稀土永磁,英洛华
601128,更多融资融券 ;沪股通 ;转融券标的 ;村镇银行 ;养老金持股,常熟银行
300264,更多数字电视 ;三网融合 ;在线教育 ;广播电视 ;虚拟现实 ;文化传媒,佳创视讯
300059,更多基金三方销售 ;期货概念 ;融资融券 ;互联网券商 ;金融信息服务 ;深股通 ;小额贷款 ;转融券标的 ;互联网+ ;互联网金融 ;MSCI预期,东方财富
2523,核电 ;湖南国资改革 ;地方国资改革 ;智慧停车,天桥起重
600240,更多健康中国 ;北京环球影城 ;养老概念 ;涉矿 ;融资融券 ;沪股通 ;转融券标的 ;医疗器械概念,华业资本
836,更多滨海新区 ;参股新三板 ;TMT ;增强现实 ;环渤海 ;工业用地 ;安防 ;电子信息 ;股权转让 ;光纤 ;光纤光缆 ;独角兽概念 ;无人驾驶 ;5G,富通鑫茂
2461,更多三旧改造 ;南沙新区 ;融资融券 ;深股通 ;转融券标的 ;商品新零售 ;新零售 ;世界杯 ;广东国资改革 ;地方国资改革 ;啤酒概念 ;年报预增 ;机构重仓,珠江啤酒
601111,更多MSCI概念 ;五一出境游 ;春运 ;油价下调 ;航空租赁 ;央企控股 ;融资融券 ;沪股通 ;转融券标的 ;大消费 ;中字头股票 ;人民币升值 ;中航系 ;央企国资改革,中国国航
300650,节能照明,太龙照明
2045,更多元器件 ;智能音箱 ;特斯拉 ;正极材料 ;锂电池 ;人民币贬值受益 ;家用电器 ;创投 ;苹果概念 ;新能源汽车,国光电器
600122,更多参股券商 ;岩棉 ;参股民营银行 ;小额贷款 ;电子信息 ;腾讯概念 ;融资融券 ;沪股通 ;转融券标的 ;智能穿戴 ;新零售 ;移动支付,宏图高科
600764,更多三网融合 ;电子信息 ;雄安新区 ;央企控股 ;量子通信 ;新能源汽车 ;数字电视 ;移动支付 ;新媒体 ;集成电路概念 ;国产航母 ;军工 ;央企国资改革 ;紫光系 ;机构重仓,中国海防
300127,更多永磁高铁 ;成渝特区 ;特斯拉 ;超级高铁 ;稀土永磁 ;证金持股,银河磁体
600209,更多东盟北部湾 ;新型城镇化 ;ST板块 ;三沙 ;土地增值 ;土地流转 ;海南旅游岛 ;聚土地概念 ;元器件 ;海南自贸区,*ST罗顿
300230,更多小米概念 ;特斯拉 ;白马股 ;煤化工 ;长三角一体化,永利股份
2128,更多抗寒 ;中电投合并 ;动力煤 ;抗旱 ;融资融券 ;深股通 ;转融券标的 ;光伏概念 ;有色铝 ;证金持股 ;风电,露天煤业
600711,更多互联网金融 ;供应链金融 ;沪锡 ;锂电池 ;黄金租赁 ;融资租赁 ;融资融券 ;沪股通 ;铜 ;锌 ;转融券标的 ;钴 ;涉矿 ;中非合作 ;小金属概念 ;黄金概念 ;外资券商影子股,盛屯矿业
600309,更多国开行 ;岩棉 ;绿色建筑 ;己二酸 ;低碳 ;环渤海 ;融资融券 ;聚碳酸酯 ;沪股通 ;建筑节能 ;转融券标的 ;新材料概念 ;TDI ;MDI ;环氧丙烷 ;乙烯 ;地方国资改革 ;外汇局持股 ;白马股 ;山东国资改革 ;煤化工,万华化学
600861,新零售 ;商超百货 ;北京国资改革 ;地方国资改革,北京城乡
600105,更多电子信息 ;量子通信 ;宽带中国 ;光纤 ;网络安全 ;沪股通 ;光纤光缆 ;超导 ;一带一路 ;大数据 ;新基建 ;5G ;长三角一体化,永鼎股份
2008,更多深紫外光 ;智能终端 ;养老概念 ;国家科技大会 ;引力波 ;光纤 ;央视财经50 ;蓝宝石 ;3D打印 ;融资融券 ;全面屏 ;苹果概念 ;深股通 ;转融券标的 ;激光器 ;节能照明 ;MSCI概念 ;锂电池 ;机器人概念 ;OLED设备制造 ;OLED ;白马股 ;宁德时代概念 ;消费电子,大族激光
2418,锂电池 ;新能源物流车 ;新能源汽车 ;燃料电池,康盛股份
677,粘胶短纤 ;壳资源,恒天海龙
300600,更多军民融合 ;国产航母 ;成泉资本持股 ;军工 ;高送转,瑞特股份
2951,新股与次新股,金时科技
567,更多三沙 ;海南旅游岛 ;金改 ;土地增值 ;东盟北部湾 ;海南自贸区 ;债转股 ;深股通,海德股份
2839,村镇银行 ;深股通,张家港行
300407,更多铁路基建 ;京津冀一体化 ;雄安新区 ;轨道交通 ;高铁 ;雄安交通,凯发电气
600112,更多黔中经济区 ;融资租赁 ;互联网金融 ;稀有金属 ;智能电网 ;智慧城市 ;辉钼 ;仪电仪表 ;小额贷款 ;高端装备 ;涉矿 ;移动金融 ;参股保险 ;金属镍 ;钼 ;中非合作 ;互联网+ ;小金属概念 ;壳资源,天成控股
603131,更多工业4.0 ;新能源汽车 ;工业机器人 ;航天军工 ;军工 ;机器人概念 ;长三角一体化,上海沪工
600919,更多MSCI概念 ;融资融券 ;沪股通 ;转融券标的 ;优先股概念,江苏银行
2640,更多SDR概念 ;参股民营银行 ;小额贷款 ;深股通 ;股权转让 ;白马股 ;电子商务 ;跨境电商 ;融资融券 ;转融券标的 ;兜底增持 ;互联网金融 ;年报预增 ;MSCI预期 ;工业大麻,跨境通
2201,更多玻璃纤维 ;特种玻璃 ;航空航天 ;新材料概念 ;壳资源,九鼎新材
300036,更多地下管网 ;无人驾驶 ;国产软件 ;智能交通 ;云服务 ;卫星导航 ;遥感技术 ;物流骨干网 ;深股通 ;地理信息 ;智慧城市 ;数字中国 ;中科院系 ;边缘计算,超图软件
300328,更多轻型合金 ;WIN升级 ;股权转让 ;新能源汽车 ;新材料概念 ;液态金属 ;5G ;国资驰援 ;特斯拉 ;地方国资改革 ;湖南国资改革 ;华为概念 ;年报预增,宜安科技
603661,健康中国 ;小米概念,恒林股份
548,更多交通示范区 ;湖南自贸区 ;长江经济带 ;地方国资改革 ;湖南国资改革,湖南投资
600516,更多石墨烯手机 ;宝马概念 ;兰新白试验区 ;炭素 ;石灰石 ;锂电池 ;碳纤维 ;融资融券 ;沪股通 ;转融券标的 ;新材料概念 ;炭黑 ;白马股 ;粗苯 ;MSCI概念 ;石墨电极 ;证金持股 ;石墨烯 ;核电,方大炭素
780,动力煤 ;证金持股 ;紫光系,平庄能源
831,更多稀土整合 ;电子商务 ;深股通 ;小金属概念 ;稀土永磁 ;央企国资改革 ;年报预增,五矿稀土
603380,汽车电子 ;独角兽概念,易德龙
2657,更多债转股 ;智慧城市 ;国产软件 ;NFC ;银联 ;二维码识别 ;移动互联网 ;区块链应用 ;互联网银行 ;征信 ;电子商务 ;互联网+ ;区块链 ;移动支付 ;互联网金融,中科金财
300253,更多互联网保险 ;融资融券 ;医学影像 ;深股通 ;国产软件 ;智慧城市 ;转融券标的 ;医保目录 ;互联网医疗 ;蚂蚁金服概念 ;人工智能 ;健康中国 ;智能医疗 ;互联网+ ;证金持股,卫宁健康
2892,--,科力尔
150,更多智能医疗 ;健康中国 ;深股通 ;中医药 ;互联网+ ;民营医院 ;互联网医疗 ;养老概念,宜华健康
600212,胶合板 ;铝材加工 ;股权转让 ;央企国资改革,江泉实业
600782,更多鄱阳湖经济区 ;保障房 ;螺纹钢 ;沪股通 ;融资融券 ;转融券标的 ;年报预增 ;MSCI预期 ;宝能系,新钢股份
2920,更多智能汽车 ;汽车电子 ;车联网 ;深股通 ;北汽新能源 ;蔚来汽车概念 ;广东国资改革 ;地方国资改革 ;无人驾驶 ;百度概念 ;白马股,德赛西威
600123,更多动力煤 ;低碳 ;太阳能 ;稀缺资源 ;稀缺煤 ;融资融券 ;沪股通 ;转融券标的 ;煤化工 ;车用尿素 ;地方国资改革 ;甲醇,兰花科创
955,更多三沙 ;口罩 ;军民融合 ;埃博拉概念 ;海南旅游岛 ;股权转让 ;健康中国 ;中医药 ;海南自贸区 ;壳资源 ;自由贸易港 ;工业大麻,欣龙控股
600518,更多融资租赁 ;MSCI概念 ;医疗改革 ;参股基金 ;融资融券 ;儿童医药医疗 ;沪股通 ;转融券标的 ;贸易战受益股 ;医保目录 ;冬虫夏草 ;人参 ;养老概念 ;中医药 ;健康中国 ;优先股概念 ;互联网+ ;医疗器械概念 ;证金持股 ;互联网医疗 ;民营医院 ;流感,康美药业
300170,更多国产替代 ;网约车 ;大数据反恐 ;腾讯概念 ;融资融券 ;深股通 ;转融券标的 ;大数据 ;供应链金融 ;工业互联网 ;长三角一体化,汉得信息
601900,文化传媒 ;平面媒体,南方传媒
2119,更多徐翔概念股 ;移动支付 ;黄金暴跌受益 ;芯片概念 ;芯片材料 ;金属镍 ;小金属概念 ;集成电路概念,康强电子
601866,更多央企控股 ;MSCI概念 ;航运系 ;马云概念 ;上海自贸区 ;融资融券 ;一带一路 ;沪股通 ;转融券标的 ;航运港口 ;融资租赁 ;进口博览会 ;航运概念 ;中远系 ;机构重仓,中远海发
300641,新材料概念,正丹股份
811,更多融资融券 ;转融券标的 ;山东国资改革 ;地方国资改革 ;地热能 ;中韩自贸区 ;冷链物流 ;创投,冰轮环境
300389,更多节能照明 ;足球概念 ;创投 ;年报预增 ;超清视频,艾比森
300109,更多抗癌 ;生物医药 ;细胞免疫治疗 ;干细胞 ;抗肿瘤 ;创新药 ;基因测序 ;体外诊断,新开源
600071,更多仪电仪表 ;地沟油概念 ;全息手机 ;食品安全 ;太赫兹 ;物联网 ;鄱阳湖经济区 ;安防 ;贸易战影响股 ;央企国资改革 ;黑洞概念 ;中国电科系,凤凰光学
603688,光纤,石英股份
822,更多基因测序 ;烧碱 ;海水淡化 ;油品改革 ;食盐 ;溴素 ;深股通 ;白炭黑 ;硫酸钾 ;三聚氰胺 ;硝酸钠,山东海化
300645,更多在线教育 ;交通一卡通 ;蚂蚁金服概念 ;移动支付 ;高送转 ;国产软件,正元智慧
2153,更多电子信息 ;MSCI概念 ;融资融券 ;深股通 ;新零售 ;转融券标的 ;移动支付 ;美团概念股 ;电子商务 ;迪士尼 ;国产软件 ;阿里巴巴概念 ;云计算,石基信息
796,更多春运 ;奥运会 ;金改 ;在线旅游 ;移动互联网 ;融资租赁 ;深股通 ;游轮 ;冬奥会 ;体育产业 ;海航系,凯撒旅游
2473,更多节能环保 ;循环经济 ;家用电器 ;壳资源 ;摘帽,圣莱达
300306,更多人脸识别 ;指纹技术 ;节能照明 ;虹膜识别 ;无人零售 ;移动支付 ;商誉减值,远方信息
413,更多华为概念 ;节能照明 ;电子信息 ;MSCI概念 ;3D玻璃 ;智能自行车 ;石墨烯手机 ;锂电池 ;融资融券 ;深股通 ;转融券标的 ;蓝宝石 ;新能源整车 ;机器人概念 ;高端装备 ;OLED面板 ;新能源汽车 ;石墨烯 ;OLED ;燃料电池,东旭光电
603,更多参股民营银行 ;锌 ;涉矿 ;铅 ;白银 ;深股通 ;文化传媒 ;小金属概念,盛达矿业
300546,更多金融科技 ;交通一卡通 ;数字中国 ;网络安全 ;无人银行 ;智慧城市 ;蚂蚁金服概念,雄帝科技
2311,更多生态农业 ;国家科技大会 ;融资融券 ;深股通 ;转融券标的 ;猪肉 ;饲料 ;MSCI预期 ;机构重仓,海大集团
300144,更多电子竞技 ;虚拟现实 ;网络视频 ;音乐产业 ;文化传媒 ;深股通 ;VR平台 ;白马股 ;海南自贸区 ;手机游戏 ;网络直播 ;动漫 ;MSCI预期 ;养老金持股 ;融资融券 ;转融券标的,宋城演艺
600585,更多MSCI概念 ;交通示范区 ;保障房 ;新型城镇化 ;低碳 ;安徽自贸区 ;南水北调 ;融资融券 ;沪股通 ;转融券标的 ;安徽国资改革 ;地方国资改革 ;水泥 ;年报预增 ;地震,海螺水泥
2825,创投 ;年报预增 ;煤化工,纳尔股份
600969,更多配电网 ;电力改革 ;地方国资改革 ;湖南国资改革 ;一带一路 ;地下管网 ;天然气 ;节能环保,郴电国际
601666,更多低碳 ;稀缺煤 ;动力煤 ;光伏概念 ;融资融券 ;沪股通 ;转融券标的 ;河南国资改革 ;地方国资改革 ;证金持股,平煤股份
300337,更多海工装备 ;新材料概念 ;军工 ;3D打印 ;股权转让 ;国产航母 ;有色铝,银邦股份
300323,更多芯片概念 ;深股通 ;节能照明 ;芯片制造 ;白马股 ;物联网感知层 ;传感器 ;蓝宝石 ;物联网,华灿光电
300399,互联网保险 ;互联网+ ;互联网金融,京天利
603516,安防 ;军工 ;超清视频,淳中科技
2467,更多SAAS ;云通信 ;移动转售 ;小米概念 ;移动互联网 ;电子信息 ;在线教育 ;虚拟现实 ;虚拟运营商 ;融资融券 ;转融券标的 ;物联网 ;VR平台 ;物联网传输层 ;电信业整合 ;互联网+ ;网络直播 ;年报预增 ;高送转 ;区块链,二六三
300662,雄安新区,科锐国际
2545,更多特高压 ;青岛自贸区 ;钢结构 ;智能电网 ;通信基站 ;钾离子电池 ;线材 ;深股通 ;3D打印 ;风电 ;黑洞概念,东方铁塔
600410,更多电子信息 ;去IOE ;IPV6 ;参股新三板 ;国产软件 ;灾备存储 ;参股民营银行 ;国产替代 ;数据存储 ;云服务 ;移动支付 ;透明计算 ;融资融券 ;沪股通 ;转融券标的 ;军民融合 ;冷链物流 ;电子政务 ;大数据 ;芯片设计 ;芯片概念 ;物联网感知层 ;机器学习 ;人工智能 ;智慧城市 ;阿里巴巴概念 ;云计算 ;物联网 ;工业互联网 ;军工 ;网络安全 ;透明工厂 ;科创板IPO,华胜天成
300428,新材料概念 ;雄安新区 ;汽车制造概念 ;军工,四通新材
300350,更多双十一 ;物流骨干网 ;互联网金融 ;物联网平台层 ;物联网 ;国资驰援 ;新基建 ;商誉减值 ;区块链 ;智能物流,华鹏飞
600016,更多史玉柱概念 ;央视财经50 ;MSCI概念 ;融资融券 ;沪股通 ;转融券标的 ;安邦系,民生银行
300166,更多养老概念 ;移动金融 ;移动转售 ;大数据反恐 ;深股通 ;工业4.0 ;数据存储 ;区块链 ;国产软件 ;大数据 ;工业互联网 ;沪伦通预期 ;数字孪生 ;边缘计算,东方国信
2242,更多分离膜 ;净水器 ;家用电器 ;智能家居 ;融资融券 ;深股通 ;电子商务 ;转融券标的 ;证金持股 ;机构重仓 ;养老金持股,九阳股份
600566,更多村镇银行 ;生物医药 ;融资融券 ;儿童医药医疗 ;沪股通 ;转融券标的 ;白马股 ;中医药 ;医保目录 ;MSCI预期 ;机构重仓,济川药业
300062,智能电网 ;新能源 ;轨道交通 ;充电桩,中能电气
2036,更多增强现实 ;苹果概念 ;3D玻璃 ;深股通 ;智能穿戴 ;VR设备 ;虚拟现实 ;集成电路概念 ;华为概念 ;无人驾驶 ;特斯拉 ;无线充电 ;消费电子 ;创投 ;OLED ;超清视频,联创电子
600535,更多单抗 ;央视财经50 ;炭疽 ;环渤海 ;老龄化 ;普洱茶 ;MSCI概念 ;小额贷款 ;生物疫苗 ;滨海新区 ;独家医药品种 ;融资融券 ;沪股通 ;独角兽概念 ;转融券标的 ;胰岛素 ;生物医药 ;医保目录 ;乙肝治疗 ;抗肿瘤 ;干细胞 ;中医药 ;医疗改革 ;证金持股 ;创新药,天士力
2326,更多氟化工 ;新材料概念 ;萤石 ;生物医药 ;车联网 ;儿童医药医疗 ;深股通 ;电解液 ;生物农药 ;哮喘 ;OLED ;OLED材料 ;锂电池 ;年报预增,永太科技
600875,更多央企控股 ;工业4.0 ;低碳 ;分布式燃气发电 ;成渝特区 ;新能源 ;节能电机 ;碳税 ;新能源汽车 ;融资融券 ;潮汐发电 ;沪股通 ;转融券标的 ;核电 ;风电 ;MSCI概念 ;燃料电池 ;年报预增 ;一带一路 ;证金持股,东方电气
600528,更多一带一路 ;铁路基建 ;成都天府新区 ;西部开发 ;融资融券 ;沪股通 ;转融券标的 ;基建工程 ;轨道交通 ;高铁 ;中铁系 ;MSCI预期,中铁工业
600602,更多云计算 ;安防 ;老八股 ;PPP概念 ;电子政务 ;国改双百行动 ;地方国资改革 ;智慧城市 ;上海国资改革 ;国产软件,云赛智联
2362,更多虹膜识别 ;指纹技术 ;电子纸 ;人脑工程 ;基因测序 ;反恐 ;空气净化 ;电子书 ;互联网银行 ;电子信息 ;眼动技术 ;依法治国概念 ;触摸屏 ;PM2.5 ;人工智能 ;人机交互 ;图像识别 ;人脸识别 ;机器视觉 ;中科院系,汉王科技
100,更多TMT ;太赫兹 ;参股保险 ;工业4.0 ;网络电视 ;数字电视 ;循环经济 ;参股新三板 ;三星 ;超级品牌 ;智能终端 ;融资融券 ;智能穿戴 ;深股通 ;5G ;转融券标的 ;云计算 ;智能家居 ;移动互联网 ;智能电视 ;MSCI概念 ;OLED面板 ;宁德时代概念 ;OLED ;家用电器 ;小米概念 ;腾讯概念 ;柔性屏 ;超清视频 ;紫光系 ;科创板IPO,TCL集团
2401,更多现代服务业 ;智能交通 ;智慧城市 ;阿里巴巴概念 ;临港地区 ;融资融券 ;跨境电商 ;轨道交通 ;转融券标的 ;进口博览会 ;航运概念 ;自由贸易港 ;中远系 ;央企国资改革 ;证金持股,中远海科
300491,更多汽车电子 ;雄安交通 ;智能电网 ;电动汽车 ;军工 ;新能源汽车 ;充电桩 ;雄安新区,通合科技
300243,新材料概念 ;PVC ;供应链金融 ;年报预增,瑞丰高材
300745,更多新能源汽车 ;新股与次新股 ;充电桩 ;台风影响股 ;北汽新能源 ;深股通 ;燃料电池,欣锐科技
300747,更多光纤光缆 ;新股与次新股 ;5G ;国产替代 ;光纤 ;激光器 ;央企国资改革 ;深股通 ;高送转,锐科激光
2444,更多机器人概念 ;页岩气 ;军工 ;引力波 ;智能家居 ;融资融券 ;雷达 ;服务机器人 ;深股通 ;大国重器标的 ;军用机器人 ;工业机器人 ;转融券标的 ;贸易战影响股 ;人工智能 ;人机交互 ;电子商务 ;无人驾驶 ;新基建,巨星科技
300626,工业4.0 ;人民币贬值受益 ;兜底增持,华瑞股份
603606,电缆 ;海上风电 ;风电 ;年报预增,东方电缆
2152,更多数字货币 ;国产替代 ;TMT ;ATM机 ;铁路基建 ;国产软件 ;新版人民币 ;金融IC ;大数据 ;融资融券 ;安防 ;人工智能 ;深股通 ;转融券标的 ;区块链储备 ;智能交通 ;轨道交通 ;国改双百行动 ;地方国资改革 ;区块链 ;人脸识别 ;MSCI预期 ;边缘计算 ;广东国资改革,广电运通
300476,更多新能源汽车 ;苹果概念 ;物联网 ;显卡 ;深股通 ;富士康概念 ;贸易战影响股 ;OLED ;年报预增 ;机构重仓,胜宏科技
300637,高送转 ;年报预增 ;送转填权,扬帆新材
300275,更多工业4.0 ;污水处理 ;PPP概念 ;煤矿安全 ;致密气 ;乡村振兴 ;农村环境治理 ;物联网 ;长江经济带 ;互联网+ ;智慧城市 ;透明工厂,梅安森
603328,更多苹果概念 ;汽车电子 ;沪股通 ;5G ;华为概念,依顿电子
2225,更多类稀土 ;涉矾 ;涉矿 ;河南自贸区 ;金属镁 ;年报预增,濮耐股份
600803,更多蜱虫 ;油价上调 ;油气开采 ;融资融券 ;沪股通 ;转融券标的 ;LNG加气站 ;天然气 ;甲醇 ;年报预增 ;氢能源,新奥股份
603721,更多移动互联网 ;文化传媒 ;短视频 ;湖南国资改革 ;地方国资改革 ;影视娱乐,中广天择
603969,一带一路 ;雄安新区 ;核电 ;雄安基建,银龙股份
2002,更多土地流转 ;PPP概念 ;融资融券 ;深股通 ;转融券标的 ;土壤修复 ;互联网+ ;小金属概念 ;稀土永磁 ;PVC ;燃料电池 ;氢能源,鸿达兴业
603466,更多虚拟现实 ;裸眼3D ;白马股 ;文化传媒 ;成泉资本持股 ;沪股通,风语筑
2182,更多液态金属 ;3D打印 ;稀有金属 ;新材料概念 ;轻型合金 ;金属镁 ;富士康概念 ;有色铝 ;小金属概念 ;特斯拉 ;年报预增,云海金属
603859,更多能源互联网 ;工业互联网 ;工业4.0 ;军民融合 ;军工 ;数字孪生,能科股份
672,更多一带一路 ;新型城镇化 ;西部开发 ;低碳 ;石灰石 ;保障房 ;工程建材 ;水泥 ;年报预增,上峰水泥
300197,更多长江防护林 ;新型城镇化 ;土壤修复 ;风沙治理 ;矿山生态修复 ;海岛整治修复 ;深股通 ;美丽中国 ;乡村振兴 ;PPP概念 ;特色小镇 ;国资驰援 ;雄安环保 ;雄安新区 ;园林开发,铁汉生态
300576,OLED ;柔性屏,容大感光
603363,更多兽药 ;贸易战受益股 ;沪股通 ;猪肉 ;饲料 ;郭台铭概念,傲农生物
600959,文化传媒 ;广播电视,江苏有线
300396,体外诊断 ;医疗器械概念 ;证金持股,迪瑞医疗
300156,更多京津冀一体化 ;油页岩 ;危废处理 ;两会 ;合同能源管理 ;碳交易 ;PM2.5 ;废气处理 ;天然气 ;煤化工 ;雄安新区 ;深股通 ;美丽中国 ;低碳 ;节能环保,神雾环保
2927,--,泰永长征
2478,更多核电 ;天然气 ;天然气管道 ;西气东输 ;页岩气 ;特钢概念 ;民营医院 ;年报预增,常宝股份
603605,电子商务 ;化妆护肤品,珀莱雅
300327,更多全息手机 ;芯片设计 ;芯片概念 ;国产替代 ;智能穿戴 ;锂电池 ;白马股 ;MCU ;OLED芯片 ;集成电路概念 ;OLED ;柔性屏 ;超清视频,中颖电子
603937,铝材加工 ;有色铝,丽岛新材
2232,更多央企控股 ;电子信息 ;车联网 ;振兴东北 ;卫星导航 ;智能交通 ;灾备存储 ;地理信息 ;数据存储 ;电机电控 ;新能源汽车 ;汽车电子 ;互联网平台 ;无人驾驶 ;工业互联网 ;华为概念 ;华为汽车 ;证金持股,启明信息
2560,更多航空航天 ;轨道交通 ;军民融合 ;智能电网 ;特高压 ;小额贷款 ;钛 ;小金属概念 ;军工,通达股份
603002,3D打印 ;沪台通 ;环氧树脂 ;台湾概念股,宏昌电子
300016,更多老龄化 ;生物医药 ;抗肿瘤 ;基因测序 ;医保目录 ;细胞免疫治疗 ;中医药 ;焦虑症 ;独角兽概念,北陆药业
727,更多新材料概念 ;元器件 ;小米概念 ;深股通 ;触摸屏 ;富士康概念 ;央企国资改革 ;超清视频 ;郭台铭概念,华东科技
600781,更多阿糖胞苷 ;中医药 ;白马股 ;生物医药 ;医保目录 ;沪股通 ;年报预增,辅仁药业
600031,更多高端装备 ;MSCI概念 ;国家科技大会 ;军民融合 ;参股民营银行 ;融资融券 ;沪股通 ;大国重器标的 ;转融券标的 ;一带一路 ;挖掘机 ;工业4.0 ;军工 ;机械装备 ;年报预增,三一重工
300689,金融IC,澄天伟业
300440,轨道交通 ;新基建 ;数字孪生,运达科技
628,更多创投 ;成渝特区 ;参股新三板 ;四川国资改革 ;地方国资改革 ;期货概念 ;年报预增 ;PPP概念,高新发展
300607,更多工业4.0 ;物联网 ;机器人概念 ;工业互联网 ;工业机器人 ;白马股 ;华为概念 ;深股通,拓斯达
2342,更多高端装备 ;海洋经济 ;雄安基建 ;世界杯 ;军工 ;雄安新区 ;京津冀一体化 ;一带一路 ;证金持股,巨力索具
2292,更多机器人概念 ;智能穿戴 ;移动互联网 ;智能手表 ;幼儿教育 ;参股新三板 ;增强现实 ;儿童消费品 ;网络游戏 ;融资融券 ;深股通 ;网络直播 ;转融券标的 ;服务机器人 ;虚拟现实 ;文化传媒 ;IP概念 ;手机游戏 ;二胎概念 ;独角兽概念 ;影视娱乐 ;动漫 ;人工智能 ;小猪佩奇 ;科创板预期,奥飞娱乐
600273,更多融资融券 ;沪股通 ;转融券标的 ;光伏概念 ;棉纱 ;丙烯 ;煤化工 ;长三角一体化 ;氢能源,嘉化能源
600765,更多高端装备 ;航天军工 ;航空航天 ;激光器 ;3D打印 ;黔中经济区 ;融资融券 ;超材料概念 ;沪股通 ;航空发动机 ;转融券标的 ;军民融合 ;国产航母 ;军工 ;中航系 ;央企国资改革 ;年报预增,中航重机
555,更多深股通 ;京东金融概念 ;金融科技 ;大数据 ;云计算 ;数字中国 ;智能服务 ;智慧城市 ;国产软件 ;独角兽概念 ;量子通信 ;华为概念 ;人工智能 ;科创板IPO,神州信息
949,更多油价下调 ;氨纶 ;大豆 ;涤纶 ;粘胶短纤 ;地方国资改革 ;年报预增,新乡化纤
300571,更多在线教育 ;手机游戏 ;数字阅读 ;文化传媒 ;网络媒体 ;白马股 ;深股通 ;年报预增,平治信息
2583,更多安防 ;电子信息 ;骨传导 ;反恐 ;宽带中国 ;深股通 ;专网通信 ;世界杯 ;物联网平台层 ;物联网 ;互联网+ ;智慧城市 ;互联网金融 ;年报预增 ;MSCI预期 ;养老金持股 ;黑洞概念,海能达
300122,更多霍乱 ;冠状病毒 ;手足口病疫苗 ;抗艾滋病 ;生物医药 ;健康中国 ;结核病 ;西尼罗病毒 ;寨卡病毒概念 ;抗癌 ;融资融券 ;深股通 ;转融券标的 ;HPV疫苗 ;乙肝治疗 ;创新药 ;生物疫苗 ;年报预增 ;MSCI预期,智飞生物
2538,更多农村电商 ;生态农业 ;融资融券 ;转融券标的 ;乡村振兴 ;磷酸一铵 ;互联网+ ;磷化工 ;化肥,司尔特
601021,更多MSCI概念 ;特朗普访华 ;春运 ;油价下调 ;融资融券 ;沪股通 ;转融券标的 ;机构重仓,春秋航空
2597,更多循环经济 ;融资融券 ;生物质能 ;深股通 ;转融券标的 ;硝酸 ;三聚氰胺 ;甲醛 ;双氧水 ;煤化工,金禾实业
2795,人民币贬值受益,永和智控
2413,更多地热能 ;航天军工 ;深股通 ;参股新三板 ;雷达 ;军工 ;卫星导航 ;芯片概念 ;无人驾驶 ;百度概念,雷科防务
300240,物流骨干网 ;双十一 ;进口博览会 ;创投,飞力达
600958,更多MSCI概念 ;融资融券 ;沪股通 ;转融券标的 ;期货概念 ;外资券商影子股,东方证券
600337,更多新疆振兴 ;消费金融 ;国开行 ;智能物流 ;融资融券 ;沪股通 ;转融券标的 ;电子商务 ;互联网+ ;燃料电池,美克家居
2877,--,智能自控
300051,更多比特币 ;云计算 ;电子信息 ;SAAS ;电子商务 ;区块链储备 ;数字中国 ;虚拟运营商 ;移动互联网 ;网络游戏 ;互联网+ ;区块链 ;Facebook概念 ;动漫 ;国产软件,三五互联
2429,更多网络视频 ;芯片概念 ;数字电视 ;电子信息 ;融资融券 ;深股通 ;节能照明 ;转融券标的 ;互联网电视 ;智能电视 ;智能音箱 ;富士康概念 ;粤港澳大湾区 ;超清视频 ;科创板IPO,兆驰股份
611,更多涉矿 ;大数据 ;钼 ;小金属概念 ;壳资源,天首发展
300235,更多儿童消费品 ;幼儿教育 ;K12教育 ;在线教育 ;云计算 ;国产软件,方直科技
2926,期货概念 ;地方国资改革 ;深股通 ;MSCI概念,华西证券
2736,更多MSCI概念 ;移动互联网 ;融资融券 ;深股通 ;转融券标的 ;深圳国资改革 ;广东国资改革 ;地方国资改革,国信证券
600353,更多智能电网 ;预警机 ;成渝特区 ;仪电仪表 ;5G ;年报预增 ;军工,旭光股份
300246,更多肾透析 ;血液制品 ;BIT概念 ;智能穿戴 ;证金持股 ;医疗器械概念 ;横琴新区,宝莱特
2600,更多永磁高铁 ;小额贷款 ;小额再贷款 ;新材料概念 ;触摸屏 ;电子信息 ;电动汽车 ;智能终端 ;苹果概念 ;深股通 ;富士康概念 ;无线充电 ;OLED面板 ;OLED ;小金属概念 ;稀土永磁 ;小米概念 ;消费电子 ;柔性屏 ;科创板预期 ;融资融券 ;转融券标的,领益智造
2241,更多骨传导 ;WIN升级 ;央视财经50 ;语音技术 ;电视游戏 ;智能终端 ;虚拟机器人 ;增强现实 ;智能眼镜 ;诺贝尔 ;MSCI概念 ;三星 ;元器件 ;移动互联网 ;融资融券 ;深股通 ;物联网 ;富士康概念 ;工业机器人 ;转融券标的 ;独角兽概念 ;VR设备 ;智能穿戴 ;机器人概念 ;智能音箱 ;虚拟现实 ;工业互联网 ;智能家居 ;Facebook概念 ;传感器 ;小米概念 ;苹果概念 ;消费电子 ;华为概念 ;台湾概念股 ;证金持股,歌尔股份
300281,更多膜材料 ;服务机器人 ;机器人概念 ;大数据 ;可降解塑料 ;工业4.0 ;股权转让 ;新基建 ;地方国资改革 ;广东国资改革,金明精机
300587,铁路基建 ;轨道交通 ;高铁,天铁股份
601636,更多绿色建筑 ;融资融券 ;沪股通 ;转融券标的 ;光伏概念 ;玻璃,旗滨集团
601208,更多丙烯 ;高性能膜 ;分离膜 ;参股民营银行 ;聚碳酸酯 ;新能源 ;太阳能 ;苹果概念 ;三星 ;特高压 ;聚丙烯 ;膜材料 ;国产替代 ;OLED材料 ;OLED ;新基建 ;柔性屏 ;光伏概念,东材科技
685,更多水价改革 ;融资融券 ;深股通 ;参股券商 ;转融券标的 ;宁德时代概念 ;广东国资改革 ;地方国资改革 ;证金持股,中山公用
300304,节能电机 ;汽车电子 ;新能源汽车 ;电机电控,云意电气
300535,--,达威股份
50,更多国开行 ;裸眼3D ;智能眼镜 ;体感3D ;移动互联网 ;多晶硅 ;苹果概念 ;智能终端 ;触摸屏 ;融资融券 ;深股通 ;全息手机 ;电子纸 ;转融券标的 ;VR设备 ;虚拟现实 ;小米概念 ;MSCI概念 ;全面屏 ;智能穿戴 ;OLED面板 ;屏下指纹技术 ;中航系 ;柔性屏 ;OLED ;华为概念 ;超清视频,深天马A
300164,更多油气装备 ;可燃冰 ;油改气 ;贸易战影响股 ;油气开采 ;煤层气 ;页岩气 ;年报预增,通源石油
300415,融资租赁 ;工业机器人 ;机器人概念,伊之密
600860,更多贸易战影响股 ;LNG加气站 ;沪股通 ;天然气 ;燃料电池 ;氢能源 ;紫光系,京城股份
156,更多互联网电视 ;云服务 ;大数据 ;智能电视 ;二胎概念 ;马云概念 ;网络电视 ;融资融券 ;深股通 ;转融券标的 ;虚拟现实 ;物联网应用层 ;文化传媒 ;物联网 ;三网融合 ;互联网+ ;超清视频 ;科创板IPO ;蚂蚁金服概念,华数传媒
667,更多特色小镇 ;融资融券 ;转融券标的 ;生态农业 ;装配式建筑 ;农业种植,美好置业
839,更多新媒体 ;中概股回归 ;特斯拉 ;低碳 ;足球概念 ;网络游戏 ;参股360 ;锂矿 ;MSCI概念 ;钾离子电池 ;量子通信 ;数字电视 ;火箭军 ;稀有金属 ;虚拟现实 ;融资融券 ;深股通 ;转融券标的 ;锂电制造 ;VR直播 ;世界杯 ;体育产业 ;小金属概念 ;新能源汽车 ;锂电池 ;年报预增 ;广播电视 ;文化传媒 ;冰雪产业,中信国安
600844,更多乙二醇 ;煤化工 ;己二酸 ;醋酐 ;地方国资改革 ;江苏国资改革,丹化科技
600141,更多稀缺资源 ;制冷剂 ;融资融券 ;沪股通 ;转融券标的 ;黑磷 ;乡村振兴 ;硝酸 ;地方国资改革 ;草甘膦 ;磷化工 ;化肥 ;有机硅 ;证金持股 ;氢能源,兴发集团
616,更多涉矿 ;风电 ;雄安新区 ;东北亚经贸中心 ;雄安金融 ;锂电池 ;锌电池 ;页岩气 ;环渤海 ;振兴东北 ;融资融券 ;镍氢电池 ;养老地产 ;转融券标的 ;养老概念 ;证金持股 ;住房租赁 ;年报预增 ;海航系,海航投资
300333,更多人民币防伪 ;新版人民币 ;互联网金融 ;芯片概念 ;移动支付 ;网络安全,兆日科技
601618,更多保障房 ;央企控股 ;马歇尔计划 ;高端装备 ;MSCI概念 ;融资融券 ;沪股通 ;钴 ;转融券标的 ;基建工程 ;一带一路 ;国改双百行动 ;小金属概念 ;中字头股票 ;央企国资改革 ;证金持股 ;机构重仓,中国中冶
600740,更多循环经济 ;焦炭 ;低碳 ;油价上调 ;融资融券 ;煤化工 ;转融券标的 ;地方国资改革 ;甲醇 ;年报预增 ;山西国资改革,山西焦化
2282,更多雄安交通 ;超硬材料 ;高铁 ;轨道交通 ;雄安新区 ;年报预增 ;一带一路,博深工具
2882,--,金龙羽
300436,更多抗肝癌 ;独家医药品种 ;生物医药 ;抗癌 ;乙肝治疗 ;基因测序 ;创新药,广生堂
2631,更多节能环保 ;造纸转暖 ;锂电池 ;锂电隔膜 ;智能家居 ;石墨烯 ;柔性屏 ;长三角一体化,德尔未来
600159,更多京津冀一体化 ;中央政务区 ;北京国资改革 ;地方国资改革 ;证金持股 ;年报预增,大龙地产
300463,深股通 ;基因测序 ;体外诊断,迈克生物
300061,更多职业教育 ;智能穿戴 ;智能眼镜 ;互联网保险 ;互联网医疗 ;区块链,康旗股份
2208,更多合肥迪士尼 ;蚂蚁金服概念 ;安徽城镇化 ;长江经济带 ;地方国资改革 ;独角兽概念 ;高送转 ;安徽国资改革,合肥城建
600168,更多水价改革 ;节能环保 ;中部崛起 ;排水 ;污水处理 ;融资融券 ;转融券标的 ;赛马概念 ;湖北国资改革 ;地方国资改革,武汉控股
2417,更多流媒体 ;移动互联网 ;供应链金融 ;云计算 ;大数据,深南股份
2787,参股新三板 ;食品包装 ;长三角一体化,华源控股
300067,更多PPP概念 ;污水处理 ;电子商务 ;分散染料 ;独角兽概念 ;年报预增 ;柔性屏 ;芯片概念 ;军工 ;长三角一体化,安诺其
300503,工业4.0 ;高端装备 ;3D玻璃 ;富士康概念,昊志机电
600551,更多新媒体 ;数字出版示范 ;SNS概念 ;融资融券 ;平面媒体 ;转融券标的 ;在线教育 ;文化传媒 ;京东金融概念 ;地方国资改革 ;中科院系 ;创投 ;安徽国资改革,时代出版
2310,更多参股民营银行 ;矿山生态修复 ;雄安新区 ;生态城乡 ;融资融券 ;深股通 ;转融券标的 ;污水处理 ;美丽中国 ;乡村振兴 ;白马股 ;PPP概念 ;节能环保 ;园林开发,东方园林
603722,新材料概念 ;环氧树脂 ;贸易战受益股 ;燃料电池,阿科力
601608,更多工业4.0 ;消防装备 ;融资融券 ;转融券标的 ;节能环保 ;高端装备 ;一带一路 ;节能减排 ;军工 ;机器人概念 ;央企国资改革 ;年报预增 ;机构重仓,中信重工
300729,健康中国 ;贸易战影响股,乐歌股份
601186,更多特色小镇 ;MSCI概念 ;一带一路 ;央企控股 ;铁路基建 ;高铁 ;融资融券 ;沪股通 ;转融券标的 ;基建工程 ;轨道交通 ;国改双百行动 ;中非合作 ;超级高铁 ;PPP概念 ;中字头股票 ;央企国资改革,中国铁建
601086,新零售,国芳集团
300316,更多机器人概念 ;新能源 ;多晶硅 ;硅晶圆 ;深股通 ;工业机器人 ;工业4.0 ;太阳能 ;蓝宝石 ;光伏概念 ;集成电路概念 ;养老金持股 ;机构重仓,晶盛机电
566,更多三沙 ;小额贷款 ;海南旅游岛 ;东盟北部湾 ;抗癌 ;生物疫苗 ;细胞免疫治疗 ;仿制药 ;抗肿瘤 ;互联网+ ;海南自贸区 ;互联网医疗 ;医疗器械概念 ;年报预增 ;独角兽概念 ;科创板预期,海南海药
600276,更多诺贝尔 ;MSCI概念 ;老龄化 ;炭疽 ;哮喘 ;融资融券 ;胰岛素 ;抗辐射药 ;沪股通 ;单抗 ;转融券标的 ;医保目录 ;抗癌 ;抗肿瘤 ;仿制药 ;医疗改革 ;创新药,恒瑞医药
300287,更多流媒体 ;参股保险 ;电子信息 ;科技保险 ;深股通 ;智慧党建 ;网络安全 ;在线教育 ;云计算 ;军工 ;大数据 ;芯片概念 ;电子政务 ;MCU ;智慧城市 ;商誉减值 ;边缘计算,飞利信
300671,芯片概念 ;芯片设计 ;集成电路概念 ;台湾概念股,富满电子
158,更多雄安金融 ;雄安软件 ;互联网银行 ;京津冀一体化 ;史玉柱概念 ;口罩 ;国产软件 ;正定新区 ;深股通 ;灾备存储 ;腾讯概念 ;网络安全 ;地方国资改革 ;大数据 ;智慧城市 ;雄安新区 ;华为概念,常山北明
603297,新股与次新股 ;超清视频 ;高送转预期,永新光学
300521,3D打印 ;柔性屏,爱司凯
2221,更多新能源 ;页岩气 ;循环经济 ;油品升级 ;丙烷脱氢 ;特朗普访华 ;油改气 ;西气东输 ;融资融券 ;深股通 ;碳纤维 ;转融券标的 ;贸易战受益股 ;液化气 ;聚丙烯 ;丙烯 ;天然气 ;白马股 ;燃料电池 ;MSCI预期 ;氢能源,东华能源
300203,更多废气处理 ;智慧城市 ;塑化剂 ;太赫兹 ;海绵城市 ;检测认证 ;PM2.5 ;污水处理 ;融资融券 ;深股通 ;转融券标的 ;PPP概念 ;环境监测 ;物联网应用层 ;物联网 ;白马股 ;节能环保,聚光科技
2457,更多南水北调 ;参股民营银行 ;地下管网 ;小额贷款 ;雄安基建 ;排水 ;雄安新区 ;节水灌溉 ;水利 ;海绵城市 ;年报预增,青龙管业
300433,更多苹果概念 ;玻璃 ;3D玻璃 ;智能穿戴 ;触摸屏 ;深股通 ;工业机器人 ;OLED ;传感器 ;机器人概念 ;蓝宝石 ;小米概念 ;新材料概念 ;消费电子 ;MSCI预期 ;华为概念 ;融资融券 ;转融券标的,蓝思科技
300391,更多工业4.0 ;高端装备 ;太阳能 ;高铁 ;光伏概念 ;年报预增 ;高送转,康跃科技
600252,更多生物医药 ;广西中医药 ;参股券商 ;东盟北部湾 ;中医药 ;中以自贸区 ;融资融券 ;转融券标的 ;沪股通 ;地方国资改革 ;外汇局持股 ;证金持股,中恒集团
2622,更多大数据 ;石墨烯 ;移动互联网 ;智能电网 ;参股保险 ;足球概念 ;电子商务 ;广告营销 ;文化传媒 ;金融科技 ;债转股 ;参股新三板,融钰集团
584,更多工业4.0 ;纳米 ;碳纤维 ;深股通 ;股权转让 ;高端装备 ;蔚来汽车概念 ;工业机器人 ;机器人概念,哈工智能
729,更多高温概念 ;融资融券 ;深股通 ;转融券标的 ;世界杯 ;啤酒概念 ;证金持股 ;MSCI预期,燕京啤酒
300511,海底捞概念,雪榕生物
726,更多SDR概念 ;环渤海 ;电子商务 ;融资融券 ;转融券标的 ;央视财经50 ;B转H ;棉花种植 ;棉纱 ;东盟自贸区 ;人民币贬值受益 ;证金持股,鲁泰A
600870,更多互联网电视 ;ST板块 ;互联网+ ;移动支付 ;郭台铭概念,ST厦华
601015,更多焦炭 ;循环经济 ;陕西自贸区 ;沪股通 ;粗苯 ;煤化工 ;尿素 ;天然气 ;甲醇,陕西黑猫
300160,更多玻璃纤维 ;特种玻璃 ;在线教育 ;光伏玻璃 ;太阳能 ;幼儿教育,秀强股份
300027,更多IP概念 ;马云概念 ;网络视频 ;移动互联网 ;电子竞技 ;TMT ;腾讯平台 ;融资融券 ;深股通 ;魔兽概念 ;宁德时代概念 ;转融券标的 ;文化传媒 ;网络游戏 ;VR设备 ;虚拟现实 ;范冰冰概念股 ;明星参股概念 ;手机游戏 ;动漫 ;影视娱乐 ;腾讯概念,华谊兄弟
2939,新股与次新股 ;央企国资改革,长城证券
300135,更多公共交通 ;沥青 ;航空航天 ;甲醇 ;油品升级 ;公路建设 ;航空发动机 ;节能环保 ;通用航空 ;石墨电极,宝利国际
300247,更多智能家居 ;老龄化 ;文化传媒 ;抗癌 ;细胞免疫治疗 ;广告营销 ;股权转让 ;健康中国 ;干细胞 ;大消费 ;养老概念 ;医疗器械概念,融捷健康
2750,中医药 ;工业大麻 ;机构重仓,龙津药业
300154,机器人概念 ;工业机器人 ;工业4.0,瑞凌股份
603729,广告营销 ;文化传媒 ;互联网彩票,龙韵股份
2340,更多土壤修复 ;电子商务 ;循环经济 ;新能源物流车 ;低碳 ;再生金属 ;重金属治理 ;参股新三板 ;废品回收 ;融资融券 ;深股通 ;转融券标的 ;稀缺资源 ;光伏概念 ;危废处理 ;大数据 ;新能源汽车 ;污水处理 ;钴 ;金属镍 ;锂电池 ;正极材料 ;互联网+ ;小金属概念 ;宁德时代概念 ;特斯拉 ;固废处理 ;节能环保 ;石墨烯 ;动力电池回收 ;供销社 ;MSCI预期,格林美
300452,生物医药 ;仿制药,山河药辅
2373,更多小额贷款 ;雄安交通 ;雄安新区 ;安防 ;机器视觉 ;智能交通 ;深股通 ;物联网感知层 ;车联网 ;人脸识别 ;轨道交通 ;物联网 ;人工智能 ;智能汽车 ;无人驾驶 ;百度概念 ;电子车牌 ;智慧停车 ;年报预增 ;MSCI预期 ;科创板IPO ;紫光系,千方科技
36,更多PTA ;工业用地 ;融资融券 ;深股通 ;转融券标的 ;白马股 ;创投,华联控股
600356,更多中朝贸易区 ;环保包装 ;振兴东北 ;造纸转暖 ;人民币升值 ;地方国资改革 ;纸浆 ;工业大麻,恒丰纸业
300392,更多TMT ;广告营销 ;文化传媒 ;搜索引擎 ;国资驰援 ;股权转让 ;独角兽概念,腾信股份
937,更多动力煤 ;雄安新区 ;稀缺煤 ;融资融券 ;深股通 ;转融券标的 ;焦煤 ;地方国资改革 ;MSCI预期,冀中能源
2032,更多国际板 ;家用电器 ;融资融券 ;深股通 ;转融券标的 ;大消费 ;MSCI预期 ;机构重仓,苏泊尔
2037,更多西部开发 ;军工 ;成泉资本持股 ;央企国资改革 ;年报预增,久联发展
600511,更多抗癌 ;医疗改革 ;大消费 ;融资融券 ;沪股通 ;转融券标的 ;白马股 ;医保目录 ;医药电商 ;央企国资改革 ;芬太尼 ;流感 ;MSCI预期 ;证金持股 ;平安资管持股,国药股份
2390,更多中医药 ;独家医药品种 ;抗癌 ;民营医院 ;生物医药 ;股权转让 ;基因测序 ;深股通 ;独角兽概念 ;医保目录 ;互联网医疗 ;工业大麻,信邦制药
603993,更多MSCI概念 ;辉钼 ;融资融券 ;沪股通 ;锂电原料 ;锂电池 ;钨 ;铜 ;转融券标的 ;钴 ;钼 ;稀有金属 ;小金属概念 ;黄金概念 ;磷化工 ;年报预增 ;机构重仓,洛阳钼业
2,更多融资融券 ;深股通 ;央视财经50 ;转融券标的 ;MSCI概念 ;超级品牌 ;安邦系 ;宝能系,万科A
601377,更多参股新三板 ;MSCI概念 ;融资融券 ;沪股通 ;转融券标的 ;地方国资改革,兴业证券
600744,更多电力改革 ;煤价下跌受益 ;新能源 ;涉矿 ;央企控股 ;碳交易 ;页岩气 ;融资融券 ;转融券标的 ;风电 ;央企国资改革 ;紫光系,华银电力
603007,更多装配式建筑 ;绿色建筑 ;参股新三板 ;沪股通 ;白马股 ;PPP概念 ;园林开发,花王股份
554,更多油品改革 ;油价上调 ;可燃冰 ;天然气 ;燃油 ;融资融券 ;两桶油改革 ;转融券标的 ;央企国资改革,泰山石油
600068,更多一带一路 ;高铁 ;三农 ;排水 ;参股券商 ;海绵城市 ;央企控股 ;中部崛起 ;棚户区改造 ;MSCI概念 ;南水北调 ;中巴经济走廊 ;融资融券 ;沪股通 ;转融券标的 ;长江经济带 ;东盟自贸区 ;PPP概念 ;水利 ;央企国资改革 ;证金持股,葛洲坝
300347,更多健康中国 ;深股通 ;医疗器械概念 ;创新药 ;MSCI预期 ;台湾概念股,泰格医药
790,更多抗肝癌 ;兽药 ;生物医药 ;钢结构 ;融资融券 ;抗癌 ;单抗 ;中医药 ;转融券标的 ;仿制药 ;医保目录 ;流感,泰合健康
601918,动力煤 ;央企控股 ;年报预增 ;煤化工,新集能源
300249,更多PPP概念 ;生物质能 ;脱硫脱硝 ;服务机器人 ;机器人概念 ;云计算 ;物联网 ;节能环保 ;华为概念 ;边缘计算,依米康
603626,更多苹果概念 ;电子信息 ;智能音箱 ;沪股通 ;富士康概念 ;电子烟 ;消费电子 ;柔性屏 ;台湾概念股,科森科技
2862,儿童消费品,实丰文化
603896,更多中医药 ;老字号 ;保健品 ;维生素 ;工业大麻,寿仙谷
2558,更多游轮 ;供应链金融 ;MSCI概念 ;中概股回归 ;在线旅游 ;参股保险 ;租售同权 ;深股通 ;VR游戏 ;虚拟现实 ;电子竞技 ;白马股 ;创投 ;网络游戏 ;互联网医疗 ;互联网金融,巨人网络
600702,更多老字号 ;成渝特区 ;融资融券 ;转融券标的 ;白酒概念 ;沪股通 ;年报预增,舍得酒业
300155,更多安防 ;智慧停车 ;智慧城市 ;智能家居 ;年报预增,安居宝
2409,更多溴素 ;参股360 ;建筑节能 ;芯片概念 ;芯片材料 ;深股通 ;人民币贬值受益 ;年报预增,雅克科技
2681,更多腾讯概念 ;智能眼镜 ;车联网 ;小米概念 ;虚拟现实 ;智能音箱 ;智能手表 ;融资融券 ;深股通 ;富士康概念 ;转融券标的 ;VR设备 ;智能穿戴 ;国资驰援 ;苹果概念 ;消费电子 ;互联网医疗 ;独角兽概念 ;华为概念,奋达科技
600055,更多股权转让 ;马云概念 ;医疗改革 ;智能医疗 ;健康中国 ;医学影像 ;医疗器械概念 ;互联网医疗,万东医疗
600009,更多春运 ;迪士尼 ;MSCI概念 ;浦东新区 ;融资融券 ;沪股通 ;转融券标的 ;地方国资改革 ;大消费 ;上海自贸区 ;上海国资改革 ;证金持股,上海机场
600590,更多仪电仪表 ;鄱阳湖经济区 ;维稳 ;智能建筑 ;分布式发电 ;合同能源管理 ;卫星导航 ;建筑节能 ;低碳 ;绿色建筑 ;云计算 ;大数据 ;军民融合 ;能源互联网 ;国产航母 ;军工 ;区块链 ;核电,泰豪科技
2790,高送转,瑞尔特
2872,中医药,天圣制药
603650,新股与次新股 ;新材料概念 ;石墨烯 ;沪股通,彤程新材
603188,分散染料 ;摘帽,亚邦股份
300303,智能终端 ;节能照明 ;年报预增 ;柔性屏,聚飞光电
600409,更多新能源汽车 ;锂电池 ;聚氯乙烯 ;上海自贸区 ;涉矿 ;融资融券 ;沪股通 ;转融券标的 ;有机硅 ;地方国资改革 ;证金持股 ;粘胶短纤 ;PVC ;烧碱 ;MSCI预期 ;煤化工,三友化工
568,更多大消费 ;MSCI概念 ;成渝特区 ;老字号 ;收入改革 ;超级品牌 ;参股券商 ;融资融券 ;深股通 ;春节概念 ;转融券标的 ;地方国资改革 ;白酒概念 ;证金持股 ;白马股,泸州老窖
603528,更多云计算 ;在线教育 ;机器视觉 ;职业教育 ;智能交通 ;驾驶培训 ;物联网应用层 ;物联网感知层 ;人工智能 ;卫星导航 ;互联网+ ;无人驾驶 ;物联网 ;国产软件,多伦科技
2269,更多电子商务 ;参股民营银行 ;参股基金 ;二胎概念 ;魔兽概念 ;迪士尼 ;移动互联网 ;融资融券 ;深股通 ;转融券标的 ;抗寒 ;人民币贬值受益 ;证金持股 ;机构重仓,美邦服饰
300718,特斯拉 ;长三角一体化,长盛轴承
603278,年报预增,大业股份
2614,更多参股民营银行 ;深股通 ;医疗机器人 ;机器人概念 ;健康中国 ;医疗器械概念 ;家用电器 ;养老概念 ;台湾概念股,奥佳华
600780,更多致密气 ;山西国资改革 ;地方国资改革 ;年报预增 ;证金持股 ;机构重仓,通宝能源
2185,更多兰新白试验区 ;融资融券 ;深股通 ;AI芯片 ;转融券标的 ;人工智能 ;芯片概念 ;硅晶圆 ;物联网 ;芯片封装测试 ;集成电路概念,华天科技
2015,涉矿 ;股权转让 ;壳资源 ;涤纶,霞客环保
300268,更多联想概念 ;参股新三板 ;区块链应用 ;淀粉 ;区块链 ;海底捞概念 ;央企国资改革 ;年报预增,佳沃股份
300052,更多足球概念 ;腾讯平台 ;区块链 ;数字货币 ;挖矿设备 ;区块链应用 ;区块链底层 ;网络游戏 ;电子竞技 ;Facebook概念 ;互联网+ ;手机游戏 ;互联网彩票 ;云计算 ;边缘计算,中青宝
300699,更多新材料概念 ;航空航天 ;碳纤维 ;深股通 ;军民融合 ;军工 ;年报预增,光威复材
2108,更多雄安新区 ;线型 ;地下管网 ;高性能膜 ;特斯拉 ;分离膜 ;抗旱 ;融资融券 ;深股通 ;转融券标的 ;锂电隔膜 ;锂电池 ;军工,沧州明珠
2398,更多福建基建 ;无人岛开发 ;检测认证 ;参股民营银行 ;装配式建筑 ;兜底增持,建研集团
600961,更多循环经济 ;铟 ;OLED ;锌 ;铅 ;锌电池 ;稀有金属 ;小金属概念 ;央企国资改革,株冶集团
2851,更多智能家居 ;工业4.0 ;北汽新能源 ;新能源汽车 ;充电桩 ;深股通 ;柔性屏 ;养老金持股 ;高送转,麦格米特
603288,更多超级品牌 ;MSCI概念 ;沪股通 ;老字号 ;大消费 ;调味品,海天味业
600869,更多特高压 ;节能环保 ;石墨烯 ;量子计算 ;高端装备 ;碳纤维 ;新能源汽车 ;能源互联网 ;锂电原料 ;锂电制造 ;锂电池 ;核电 ;电子商务 ;光伏概念 ;智能电网 ;互联网+ ;独角兽概念 ;特斯拉 ;无人机 ;智慧城市 ;互联网金融 ;年报预增,智慧能源
600835,更多电梯概念 ;电梯物联网 ;融资融券 ;沪股通 ;转融券标的 ;工业机器人 ;机器人概念 ;地方国资改革 ;MSCI预期 ;上海国资改革,上海机电
300217,更多特斯拉 ;天然气 ;新能源 ;多晶硅 ;新能源汽车 ;油气开采 ;年报预增,东方电热
600095,更多振兴东北 ;黄豆 ;中俄自贸区 ;抗癌 ;豆粕 ;金改 ;保健品 ;新能源 ;贸易战受益股 ;光伏概念 ;大豆 ;医保目录 ;壳资源 ;创投,哈高科
601811,更多沪股通 ;平面媒体 ;文化传媒 ;电子商务 ;地方国资改革 ;四川国资改革 ;独角兽概念 ;科创板IPO,新华文轩
600549,更多再生金属 ;新材料概念 ;海峡西岸 ;稀土整合 ;稀缺资源 ;电动自行车 ;融资融券 ;镍氢电池 ;钨 ;沪股通 ;钼 ;正极材料 ;转融券标的 ;稀有金属 ;钴 ;动力电池回收 ;地方国资改革 ;小金属概念 ;锂电池 ;稀土永磁 ;MSCI预期,厦门钨业
600594,更多老龄化 ;黔中经济区 ;抗癌 ;融资融券 ;沪股通 ;转融券标的 ;医保目录 ;中医药 ;民营医院 ;证金持股 ;商誉减值,益佰制药
18,装配式建筑 ;PPP概念 ;兜底增持 ;民营医院,神州长城
2354,更多电子竞技 ;东北亚经贸中心 ;网络视频 ;深股通 ;文化传媒 ;移动互联网 ;网络游戏 ;影视娱乐 ;IP概念 ;海南自贸区 ;手机游戏 ;互联网金融 ;独角兽概念 ;商誉减值,天神娱乐
300368,更多SDR概念 ;智能服务 ;人民币防伪 ;雄安新区 ;新版人民币 ;智慧城市 ;雄安金融 ;征信 ;金融科技 ;互联网金融 ;无人银行 ;股权转让 ;地方国资改革,汇金股份
2011,更多机器人概念 ;雄安地热 ;多晶硅 ;雄安新区 ;工业4.0 ;低碳 ;余热发电 ;国开行 ;高铁 ;轨道交通 ;融资融券 ;工业机器人 ;转融券标的 ;传感器 ;新能源汽车 ;新能源 ;合同能源管理 ;核电 ;节能环保 ;地热能 ;创投 ;宁德时代概念,盾安环境
797,更多一带一路 ;京津冀一体化 ;土地增值 ;中央政务区 ;北京环球影城 ;土地流转 ;海峡西岸 ;无人岛开发 ;聚土地概念 ;首都副中心 ;环球主题公园 ;深股通 ;基建工程 ;中非合作 ;地方国资改革,中国武夷
600755,更多互联网期货 ;天然气 ;海峡西岸 ;外贸 ;参股券商 ;食盐 ;融资融券 ;沪股通 ;转融券标的 ;白马股 ;美团概念股 ;小额贷款 ;地方国资改革 ;独角兽概念 ;福建自贸区 ;期货概念 ;科创板预期 ;台湾概念股,厦门国贸
300737,水利 ;深股通,科顺股份
2532,更多小额贷款 ;水利 ;节水灌溉 ;排水 ;污水处理,新界泵业
600789,更多禽流感 ;兽药 ;西尼罗病毒 ;寨卡病毒概念 ;登革热 ;鼠疫 ;炭疽 ;埃博拉概念 ;融资融券 ;转融券标的 ;生物医药 ;医保目录 ;乙肝治疗 ;MERS概念 ;医疗改革 ;山东国资改革 ;地方国资改革 ;超级真菌 ;地震,鲁抗医药
2318,更多新材料概念 ;油气管网 ;轧板 ;天然气管道 ;人造太阳 ;工业4.0 ;LNG汽车 ;海洋经济 ;LNG加气站 ;西气东输 ;融资融券 ;转融券标的 ;海水淡化 ;国产航母 ;特钢概念 ;核电 ;年报预增,久立特材
300324,更多参股民营银行 ;深股通 ;大数据 ;网络安全 ;海南自贸区 ;通用航空 ;智慧城市 ;军工 ;物联网 ;物联网应用层 ;兜底增持 ;独角兽概念 ;阿里巴巴概念,旋极信息
2728,生物医药 ;中医药,特一药业
2262,更多医药电商 ;互联网医疗 ;诺贝尔 ;融资融券 ;深股通 ;转融券标的 ;芬太尼 ;宝能系,恩华药业
601800,更多铁路基建 ;MSCI概念 ;马歇尔计划 ;高铁 ;中巴经济走廊 ;融资融券 ;公路建设 ;沪股通 ;转融券标的 ;基建工程 ;一带一路 ;中非合作 ;优先股概念 ;中字头股票 ;央企国资改革,中国交建
600022,更多螺纹钢 ;低碳 ;环渤海 ;融资融券 ;转融券标的 ;地方国资改革 ;山东国资改革 ;一元股,山东钢铁
300403,更多供应链金融 ;工业机器人 ;机器人概念 ;智能家居 ;家用电器 ;充电桩,汉宇集团
2285,更多养老地产 ;互联网平台 ;参股新三板 ;老龄化 ;小额再贷款 ;共享办公 ;工业用地 ;租售同权 ;融资融券 ;深股通 ;转融券标的 ;养老概念 ;共享经济 ;大消费 ;债转股,世联行
2911,更多深股通 ;充电桩 ;广东国资改革 ;地方国资改革 ;天然气 ;机构重仓,佛燃股份
603713,更多新股与次新股 ;自由贸易港 ;沪股通 ;供应链金融 ;年报预增,密尔克卫
601908,更多脱硫脱硝 ;融资租赁 ;参股保险 ;新能源 ;蓝宝石 ;沪股通 ;多晶硅 ;太阳能 ;高端装备 ;证金持股 ;风电 ;光伏概念,京运通
2890,乡村振兴 ;农机,弘宇股份
300719,更多航空航天 ;军民融合 ;高端装备 ;通用航空 ;军工,安达维尔
300084,更多参股新三板 ;军工 ;兰新白试验区 ;油页岩 ;核电 ;致密气 ;油气开采 ;兜底增持 ;可燃冰 ;天然气 ;页岩气 ;年报预增,海默科技
603699,页岩气 ;核电 ;机构重仓 ;证金持股,纽威股份
2716,更多涉矿 ;白银 ;金属锑 ;深股通 ;锌 ;股权转让 ;小金属概念 ;黄金概念,金贵银业
2431,更多职业教育 ;增强现实 ;土壤修复 ;虚拟现实 ;融资融券 ;深股通 ;转融券标的 ;美丽中国 ;新型城镇化 ;股权转让 ;PPP概念 ;足球概念 ;特色小镇 ;雄安新区 ;粤港澳大湾区 ;园林开发 ;地方国资改革 ;河南国资改革,棕榈股份
300584,生物医药 ;医保目录 ;创新药,海辰药业
600606,更多租售同权 ;参股360 ;健康中国 ;互联网金融 ;上海金改 ;上海自贸区 ;共享办公 ;参股外资金融 ;蚂蚁金服概念 ;融资融券 ;沪股通 ;转融券标的 ;MSCI概念 ;共享经济 ;PPP概念 ;特色小镇 ;足球概念 ;独角兽概念 ;科创板预期,绿地控股
600428,更多南沙新区 ;中字头股票 ;央企控股 ;海洋经济 ;航运系 ;沪股通 ;一带一路 ;进口博览会 ;航运概念 ;粤港澳大湾区 ;中远系 ;央企国资改革 ;证金持股,中远海特
601989,更多南海 ;央企控股 ;阅兵 ;融资融券 ;高端装备 ;沪股通 ;中船系 ;转融券标的 ;一带一路 ;军工 ;军民融合 ;海洋经济 ;中字头股票 ;国产航母 ;海工装备 ;MSCI概念 ;军工改制 ;央企国资改革 ;黑洞概念,中国重工
603535,更多自由贸易港 ;物联网平台层 ;粤港澳大湾区 ;物联网 ;东盟自贸区,嘉诚国际
600491,更多地下管网 ;钢结构 ;融资融券 ;沪股通 ;转融券标的 ;污水处理 ;PPP概念 ;年报预增 ;科创板预期,龙元建设
300575,生物农药 ;年报预增 ;高送转,中旗股份
300398,更多宽带中国 ;参股新三板 ;深股通 ;新材料概念 ;光纤 ;集成电路概念 ;年报预增 ;机构重仓,飞凯材料
300701,更多节能照明 ;安防 ;传感器 ;智能家居 ;小米概念 ;科创板IPO,森霸传感
603088,--,宁波精达
959,更多循环经济 ;雄安基建 ;特斯拉 ;螺纹钢 ;京津冀一体化 ;雄安新区 ;铁矿石 ;新能源 ;深股通 ;创投 ;北京国资改革 ;地方国资改革 ;厚朴系,首钢股份
600513,更多寨卡病毒概念 ;埃博拉概念 ;登革热 ;国产伟哥 ;医保目录 ;江苏国资改革 ;地方国资改革 ;禽流感 ;超级真菌,联环药业
300434,生物医药 ;地下管网 ;股权转让 ;PPP概念,金石东方
603003,更多上海自贸区 ;油品升级 ;燃油 ;油品改革 ;云计算 ;大数据,龙宇燃油
300189,更多玉米种业 ;早籼稻 ;农垦改革 ;棉 ;超级稻 ;粳稻 ;晚籼稻 ;三沙 ;玉米 ;生态农业 ;乡村振兴 ;生物育种 ;海南自贸区 ;农业种植,神农基因
813,新疆振兴 ;仿制药 ;工业大麻,德展健康
601519,更多股权转让 ;金融信息服务 ;浦东新区 ;互联网券商 ;互联网金融 ;电子信息 ;网络直播 ;互联网+,大智慧
600461,更多水价改革 ;鄱阳湖经济区 ;天然气 ;节能环保 ;污水处理 ;PPP概念 ;创投,洪城水业
300442,食品包装 ;工业4.0,普丽盛
600555,更多B转H ;体育产业 ;土地流转 ;海南自贸区 ;赛马概念 ;海航系,海航创新
600199,更多收入改革 ;春节概念 ;融资融券 ;转融券标的 ;地方国资改革 ;白酒概念 ;年报预增,金种子酒
603917,--,合力科技
603323,融资融券 ;农村金融 ;转融券标的 ;长三角一体化,苏农银行
300620,更多量子通信 ;3D打印 ;激光器 ;贸易战影响股 ;光纤 ;横琴新区,光库科技
300215,更多分布式发电 ;智能电网 ;军民融合 ;特高压 ;配电网 ;军工 ;新基建,电科院
2845,更多全面屏 ;富士康概念 ;OLED ;OLED面板 ;OLED设备制造 ;国资驰援 ;华为概念 ;柔性屏,同兴达
300411,轨道交通 ;高端装备 ;核电 ;军工,金盾股份
2550,民营医院 ;深股通 ;生物医药 ;抗癌,千红制药
300305,更多气凝胶 ;新能源 ;碳海绵 ;高性能膜 ;OLED材料 ;OLED,裕兴股份
600019,更多核电 ;供气 ;西气东输 ;央企控股 ;铌 ;稀缺煤 ;螺纹钢 ;互联网钢铁 ;融资融券 ;沪股通 ;转融券标的 ;MSCI概念 ;互联网+ ;石墨电极 ;央企国资改革,宝钢股份
300500,更多绿色建筑 ;建筑节能 ;装配式建筑 ;雄安新区 ;年报预增,启迪设计
300732,白马股 ;一带一路,设研院
603260,更多新材料概念 ;白马股 ;沪股通 ;多晶硅 ;白炭黑 ;石墨电极 ;有机硅 ;年报预增 ;长三角一体化,合盛硅业
300606,新材料概念,金太阳
603603,更多美丽中国 ;沪股通 ;土壤修复 ;污水处理 ;PPP概念 ;雄安环保 ;雄安新区 ;机构重仓,博天环境
600189,更多小额贷款 ;纤维板 ;胶合板 ;林场改革 ;振兴东北 ;中朝贸易区 ;低碳 ;股权转让 ;美丽中国 ;吉林国资改革 ;地方国资改革 ;土地流转 ;年报预增,吉林森工
603801,全屋定制 ;白马股 ;沪股通,志邦家居
300681,北汽新能源 ;IGBT ;新能源汽车 ;横琴新区,英搏尔
601216,更多余额宝 ;参股基金 ;小额贷款 ;蚂蚁金服概念 ;硅铁 ;涉矿 ;融资融券 ;互联网金融 ;参股保险 ;阿里巴巴概念 ;马云概念 ;沪股通 ;转融券标的 ;电石 ;PVC ;烧碱 ;独角兽概念,君正集团
2055,更多共享汽车 ;OLED ;无线充电 ;互联网金融 ;车联网 ;新能源汽车 ;元器件 ;工业用地 ;汽车电子 ;融资融券 ;深股通 ;转融券标的 ;共享经济 ;互联网+ ;无人驾驶 ;国资驰援 ;独角兽概念 ;华为概念,得润电子
600426,更多磷化工 ;煤头尿素 ;低碳 ;甲醇 ;融资融券 ;沪股通 ;转融券标的 ;乙二醇 ;己二酸 ;尿素 ;醋酸 ;煤化工 ;年报预增 ;MSCI预期 ;证金持股,华鲁恒升
300666,更多深股通 ;芯片概念 ;芯片材料 ;大国重器标的 ;靶材 ;OLED材料 ;集成电路概念 ;OLED ;华为概念 ;科创板IPO,江丰电子
2296,更多铁路基建 ;工业用地 ;高铁 ;地震 ;空铁WIFI ;工业互联网 ;轨道交通 ;壳资源 ;河南自贸区 ;新基建 ;卫星导航 ;区块链,辉煌科技
2441,更多智能电网 ;电子商务 ;新能源汽车 ;充电桩 ;特斯拉,众业达
603226,--,菲林格尔
300588,更多智能交通 ;网络安全 ;智能建筑 ;安防 ;独角兽概念,熙菱信息
300241,节能照明 ;智能终端 ;智能家居 ;国家大基金持股,瑞丰光电
603733,更多双胶纸 ;纸浆 ;沪股通 ;科创板IPO ;科创板预期,仙鹤股份
2745,芯片概念 ;深股通 ;节能照明 ;MSCI预期,木林森
600633,更多人工智能 ;文化传媒 ;新媒体 ;体育产业 ;数字出版示范 ;融资融券 ;沪股通 ;平面媒体 ;转融券标的 ;大数据 ;电子竞技 ;网络游戏 ;地方国资改革 ;手机游戏 ;阿里巴巴概念 ;网络直播 ;云计算 ;独角兽概念 ;浙江国资改革 ;区块链 ;融媒体,浙数文化
603027,调味品 ;年报预增,千禾味业
2078,更多人民币升值 ;造纸转暖 ;融资融券 ;深股通 ;转融券标的 ;白马股 ;纸浆 ;MSCI预期 ;养老金持股,太阳纸业
603519,--,立霸股份
300026,更多登革热 ;融资融券 ;深股通 ;转融券标的 ;中医药 ;医保目录 ;股权转让 ;互联网医疗 ;四川国资改革 ;地方国资改革,红日药业
603508,更多电子信息 ;轨道交通 ;大数据 ;高铁 ;无人机,思维列控
300131,更多腾讯概念 ;芯片概念 ;深股通 ;电子商务 ;互联网平台 ;物联网应用层 ;智能家居 ;国资驰援 ;股权转让 ;物联网 ;新基建 ;OLED,英唐智控
600888,更多一带一路 ;新疆振兴 ;国开行 ;炭素 ;铝材加工 ;稀缺资源 ;金属镁 ;有色铝 ;氧化铝 ;年报预增 ;石墨烯,新疆众和
601000,更多京津冀一体化 ;环渤海 ;雄安新区 ;融资融券 ;沪股通 ;转融券标的 ;地方国资改革 ;MSCI预期,唐山港
2585,更多高性能膜 ;塑料钞票 ;新材料概念 ;触摸屏 ;膜材料 ;OLED ;OLED材料 ;深股通 ;年报预增 ;柔性屏,双星新材
300039,更多登革热 ;融资融券 ;转融券标的 ;中医药 ;生物医药 ;医保目录 ;医疗器械概念,上海凯宝
692,更多振兴东北 ;抗寒 ;供气 ;辽宁国资改革 ;地方国资改革,惠天热电
601117,更多央企控股 ;煤化工 ;融资融券 ;一带一路 ;沪股通 ;转融券标的 ;MSCI概念 ;中非合作 ;中字头股票 ;央企国资改革 ;机构重仓,中国化学
601198,更多MSCI概念 ;债转股 ;融资融券 ;沪股通 ;转融券标的 ;证金持股 ;期货概念,东兴证券
62,更多互联网金融 ;电子信息 ;P2P概念 ;元器件 ;余额宝 ;融资融券 ;深股通 ;转融券标的 ;电子商务 ;汽车电子 ;存储芯片 ;互联网+ ;雄安新区 ;创投 ;粤港澳大湾区 ;年报预增 ;机构重仓,深圳华强
600196,更多央视财经50 ;干细胞 ;MSCI概念 ;老字号 ;生物医药 ;结核病 ;细胞免疫治疗 ;青蒿素 ;抗癌 ;融资融券 ;沪股通 ;民营医院 ;转融券标的 ;单抗 ;疟疾 ;互联网医疗 ;创新药 ;医保目录 ;仿制药 ;医疗改革 ;大消费 ;医疗器械概念 ;体外诊断 ;燃料电池 ;流感,复星医药
998,更多参股新三板 ;三农 ;电子商务 ;棉 ;生物育种 ;普麦 ;新疆发展 ;强麦 ;早籼稻 ;融资融券 ;乡村振兴 ;深股通 ;晚籼稻 ;粳稻 ;超级稻 ;转融券标的 ;生态农业 ;玉米种业 ;安邦系 ;转基因 ;农业种植 ;股权转让 ;央企国资改革 ;玉米 ;MSCI预期,隆平高科
603268,在线教育 ;食品包装 ;陶瓷产品 ;股权转让,松发股份
2499,更多光伏概念 ;江苏污水处理 ;废气处理 ;循环经济 ;仪电仪表 ;美丽中国 ;PM2.5 ;污水处理 ;节能环保 ;长三角一体化,科林环保
2747,更多人工智能 ;雷达 ;军工 ;深股通 ;工业4.0 ;工业机器人 ;工业互联网 ;机器人概念,埃斯顿
601566,电子商务 ;融资融券 ;转融券标的,九牧王
2698,更多3D打印 ;智能医疗 ;医疗机器人 ;深股通 ;机器人概念 ;医疗器械概念 ;高送转,博实股份
2888,智能音箱,惠威科技
603918,智能终端 ;智慧党建,金桥信息
601969,海南自贸区 ;铁矿石 ;天然气 ;机构重仓,海南矿业
2361,更多军民融合 ;无人机 ;参股民营银行 ;航天军工 ;军工,神剑股份
300749,全屋定制 ;新股与次新股 ;智能家居 ;高送转,顶固集创
600802,更多海峡西岸 ;福建基建 ;平潭免税区 ;石灰石 ;参股券商 ;无人岛开发 ;循环经济 ;融资融券 ;转融券标的 ;福建自贸区 ;水泥,福建水泥
2632,更多高性能膜 ;安防 ;参股新三板 ;汽车电商 ;增强现实 ;节能照明 ;VR设备 ;虚拟现实 ;新能源汽车 ;新材料概念 ;锂电池 ;年报预增,道明光学
300300,更多卫星导航 ;绿色建筑 ;文化传媒 ;人脸识别 ;建筑节能 ;网络游戏 ;智能建筑 ;深股通 ;创投 ;影视娱乐 ;京东金融概念 ;智能医疗 ;互联网+ ;独角兽概念 ;智慧城市 ;人工智能 ;互联网金融 ;年报预增,汉鼎宇佑
300605,智慧城市 ;数字中国 ;国产软件,恒锋信息
603569,更多一带一路 ;雄安新区 ;沪股通 ;汽车关税下调 ;养老金持股,长久物流
601330,更多新股与次新股 ;沪股通 ;北京国资改革 ;地方国资改革 ;垃圾发电 ;节能环保 ;固废处理,绿色动力
603681,年报预增 ;新股与次新股 ;长三角一体化 ;高送转预期,永冠新材
629,更多循环经济 ;中澳自贸区 ;钒涨价 ;轻型合金 ;钒电池 ;稀有金属 ;钛 ;小金属概念 ;钛白粉 ;央企国资改革 ;年报预增 ;证金持股 ;融资融券 ;转融券标的,攀钢钒钛
600671,更多生物医药 ;养老概念 ;眼科医疗 ;中医药 ;健康中国 ;医保目录 ;壳资源,天目药业
300431,更多大数据 ;网络视频 ;云计算 ;智能穿戴 ;魔兽概念 ;IP概念 ;网络游戏 ;体育产业 ;广告营销 ;VR设备 ;虚拟现实 ;人工智能 ;文化传媒 ;互联网电视 ;智能电视 ;网络直播,暴风集团
980,更多汽车制造概念 ;深股通 ;贸易战影响股 ;网约车 ;新能源整车 ;新能源汽车 ;融资租赁,众泰汽车
300031,更多绿色轮胎 ;白马股 ;世界杯 ;谷歌概念 ;网络游戏 ;手机游戏 ;动漫,宝通科技
2129,更多新材料概念 ;参股新三板 ;滨海新区 ;分布式发电 ;IGBT ;融资融券 ;苹果概念 ;深股通 ;硅晶圆 ;转融券标的 ;太阳能 ;蓝宝石 ;地方国资改革 ;集成电路概念 ;光伏概念 ;MSCI预期 ;天津国资改革,中环股份
600557,更多炭疽 ;独家医药品种 ;医药电商 ;登革热 ;融资融券 ;沪股通 ;转融券标的 ;中医药 ;医保目录 ;医疗改革 ;互联网+ ;禽流感 ;科创板IPO,康缘药业
300045,更多虚拟现实 ;车联网 ;军民融合 ;遥感技术 ;航天军工 ;增强现实 ;地理信息 ;卫星导航 ;轨道交通 ;芯片概念 ;雷达 ;军工 ;独角兽概念 ;数字孪生 ;态势感知,华力创通
2658,更多碳交易 ;脱硫脱硝 ;PPP概念 ;废气处理 ;大数据 ;PM2.5 ;环境监测 ;雄安新区 ;节能环保 ;证金持股 ;透明工厂,雪迪龙
931,更多参股新三板 ;参股民营银行 ;核污染防治 ;众筹概念 ;抗辐射药 ;京津冀一体化 ;中朝贸易区 ;黄光裕概念 ;雄安新区 ;创新药 ;医保目录 ;健康中国 ;生物医药 ;养老概念 ;创投 ;年报预增,中关村
2228,更多供应链金融 ;人民币升值 ;食品包装 ;圣诞节 ;工业4.0 ;环保包装 ;深股通 ;年报预增,合兴包装
603006,汽车制造概念 ;冷链物流 ;科创板IPO,联明股份
600233,更多双十一 ;智能物流 ;沪股通 ;白马股 ;快递 ;物流骨干网 ;跨境电商 ;阿里巴巴概念 ;机构重仓,圆通速递
917,更多中概股回归 ;移动互联网 ;参股新三板 ;在线旅游 ;网络视频 ;智能医疗 ;网络游戏 ;动漫 ;TMT ;三网融合 ;参股360 ;网络电视 ;在线教育 ;新媒体 ;广播电视 ;广告营销 ;文化传媒 ;物联网 ;世界杯 ;智能家居 ;湖南国资改革 ;地方国资改革 ;互联网+ ;互联网彩票 ;创投 ;影视娱乐 ;华为概念,电广传媒
300623,更多芯片概念 ;汽车电子 ;充电桩 ;芯片制造 ;芯片设计 ;送转填权,捷捷微电
300505,磷化工,川金诺
756,更多低碳 ;医疗改革 ;参股券商 ;医药电商 ;深股通 ;阿里巴巴概念 ;商品新零售 ;新零售 ;医保目录,新华制药
300501,高送转,海顺新材
600066,更多新能源 ;MSCI概念 ;汽车制造概念 ;中原经济区 ;校车 ;LNG汽车 ;融资融券 ;沪股通 ;新能源整车 ;转融券标的 ;新能源汽车 ;河南自贸区 ;燃料电池 ;机构重仓,宇通客车
600061,更多融资融券 ;沪股通 ;转融券标的 ;期货概念 ;金控平台 ;雄安金融 ;雄安新区 ;央企国资改革 ;MSCI概念 ;机构重仓,国投资本
2319,更多横琴新区 ;石墨烯油墨 ;广告营销 ;数据存储 ;石墨烯 ;文化传媒 ;柔性屏,乐通股份
300165,更多太赫兹 ;仪电仪表 ;土壤修复 ;食品安全 ;食品中国峰会 ;PM2.5 ;检测认证 ;废气处理 ;地沟油概念 ;江苏污水处理 ;塑化剂 ;参股新三板 ;工业节水 ;环境监测 ;污水处理 ;医药安全 ;体外诊断 ;工业大麻 ;透明工厂 ;危废处理,天瑞仪器
750,融资融券 ;深股通 ;转融券标的 ;MSCI预期,国海证券
600136,更多磷化工 ;明星参股概念 ;参股券商 ;奥运会 ;中部崛起 ;体育产业 ;文化传媒 ;世界杯 ;足球概念 ;沪股通 ;影视娱乐,当代明诚
2808,--,恒久科技
603128,更多物流骨干网 ;跨境电商 ;沪股通 ;诚通系 ;京东概念 ;自由贸易港 ;上海自贸区 ;央企国资改革,华贸物流
600652,更多虚拟现实 ;IP概念 ;王者荣耀 ;参股外资金融 ;网络游戏 ;老八股 ;融资融券 ;区块链应用 ;转融券标的 ;VR游戏 ;电子竞技 ;手机游戏 ;网络直播 ;区块链 ;商誉减值 ;信托概念,游久游戏
600884,更多新能源汽车 ;新能源 ;磷酸铁锂 ;低碳 ;参股券商 ;电子商务 ;特斯拉 ;新材料概念 ;参股新三板 ;融资融券 ;参股万达商业 ;沪股通 ;转融券标的 ;锂电制造 ;光伏概念 ;金属镍 ;电解液 ;正极材料 ;创投 ;太阳能 ;固态电池 ;小金属概念 ;锂电池 ;白马股 ;石墨烯 ;宁德时代概念 ;MSCI预期,杉杉股份
2186,老字号 ;春节概念 ;北京国资改革 ;地方国资改革,全聚德
603301,医疗器械概念 ;人民币贬值受益,振德医疗
600078,更多循环经济 ;涉矿 ;黑磷 ;融资融券 ;转融券标的 ;磷化工,澄星股份
2824,新能源汽车 ;有色铝 ;锂电池,和胜股份
600500,更多外贸 ;中字头股票 ;燃油 ;融资融券 ;沪股通 ;正极材料 ;转融券标的 ;负极材料 ;锂电池 ;紫光系 ;证金持股 ;橡胶 ;MSCI预期,中化国际
603717,更多美丽中国 ;特色小镇 ;PPP概念 ;雄安新区 ;园林开发,天域生态
2388,更多电子信息 ;供应链金融 ;融资租赁 ;超硬材料 ;富士康概念 ;华为概念 ;台湾概念股 ;郭台铭概念,新亚制程
601928,更多云印刷 ;二胎概念 ;儿童消费品 ;有声读物 ;网络视频 ;在线教育 ;虚拟现实 ;新媒体 ;融资融券 ;网络游戏 ;大数据 ;平面媒体 ;转融券标的 ;VR平台 ;文化传媒 ;职业教育 ;江苏国资改革 ;地方国资改革 ;手机游戏 ;证金持股 ;蚂蚁金服概念,凤凰传媒
600880,更多互联网平台 ;腾讯概念 ;电子竞技 ;新媒体 ;虚拟现实 ;数字出版示范 ;腾讯平台 ;TMT ;融资融券 ;平面媒体 ;转融券标的 ;文化传媒 ;小额贷款 ;网络游戏 ;四川国资改革 ;地方国资改革 ;互联网+ ;手机游戏 ;网络直播,博瑞传播
300157,更多致密气 ;雄安新区 ;雄安地热 ;油气开采 ;参股民营银行 ;油气装备 ;煤层气 ;融资融券 ;转融券标的 ;地热能 ;天然气 ;高端装备 ;大数据 ;可燃冰 ;页岩气 ;边缘计算 ;能源互联网 ;创投,恒泰艾普
540,更多棚户区改造 ;参股保险 ;养老地产 ;跨境电商 ;PPP概念 ;金控平台 ;保障房 ;互联网保险 ;新型城镇化 ;黔中经济区 ;融资融券 ;深股通 ;转融券标的 ;互联网金融,中天金融
300056,更多废气处理 ;PPP概念 ;PM2.5 ;福建污染减排 ;两会 ;脱硫脱硝 ;美丽中国 ;兜底增持 ;节能环保,三维丝
300178,更多互联网保险 ;春运 ;电子商务 ;债转股 ;P2P概念 ;深股通 ;在线旅游 ;世界杯 ;白马股 ;互联网+ ;国资驰援 ;互联网金融,腾邦国际
603023,汽车电子 ;车联网,威帝股份
600004,更多春运 ;融资融券 ;沪股通 ;转融券标的 ;广东国资改革 ;地方国资改革 ;粤港澳大湾区 ;MSCI预期,白云机场
2439,更多云计算 ;国家科技大会 ;腾讯概念 ;去IOE ;阅兵 ;电子信息 ;融资融券 ;深股通 ;转融券标的 ;智慧城市 ;美团概念股 ;军民融合 ;大数据 ;工业互联网 ;军工 ;网络安全 ;新基建 ;MSCI预期 ;边缘计算 ;国产软件 ;黑洞概念,启明星辰
300522,--,世名科技
590,更多中医药 ;健康中国 ;高校 ;医保目录 ;地方国资改革 ;保健品 ;雄安新区,启迪古汉
600420,更多生物医药 ;抗癌 ;沪股通 ;医保目录 ;央企国资改革 ;芬太尼 ;养老金持股 ;白马股,现代制药
600051,更多婚庆 ;舟山自贸区 ;金属镍 ;小金属概念 ;宁德时代概念,宁波联合
601106,更多一带一路 ;中朝贸易区 ;央企控股 ;军民融合 ;军工 ;国产航母 ;国改双百行动 ;债转股 ;证金持股 ;中字头股票 ;核电 ;央企国资改革,中国一重
300199,更多智能医疗 ;融资融券 ;深股通 ;多肽药 ;二胎概念 ;转融券标的 ;医保目录 ;乙肝治疗 ;互联网+ ;兜底增持 ;创新药 ;国资驰援 ;互联网医疗,翰宇药业
300685,更多抗癌 ;抗肿瘤 ;基因测序 ;深股通 ;分子诊断 ;体外诊断 ;医疗器械概念,艾德生物
600279,更多黄金水道 ;成渝特区 ;两江新区 ;重庆自贸区 ;航运港口 ;长江经济带 ;重庆国资改革 ;地方国资改革 ;一带一路,重庆港九
603086,生物农药 ;年报预增,先达股份
2321,更多农信社改革 ;农垦改革 ;家庭农场 ;土地流转 ;农业合作社 ;农村电商 ;生态农业 ;食品安全 ;乡村振兴 ;区块链应用 ;区块链 ;地方国资改革 ;互联网+ ;股权转让 ;养鸡,华英农业
2102,更多涉矿 ;在线教育 ;生物医药 ;电子商务 ;黄金概念 ;ST板块 ;维生素 ;股权转让,ST冠福
300691,更多智慧城市 ;无人机 ;智能家居 ;安防 ;华为概念 ;超清视频 ;高送转,联合光电
537,更多环渤海 ;土地流转 ;滨海新区 ;融资融券 ;转融券标的 ;白马股 ;深股通 ;海南自贸区 ;央企国资改革,广宇发展
2762,二胎概念,金发拉比
2315,更多双十一 ;在线教育 ;互联网平台 ;智能医疗 ;虚拟现实 ;电子信息 ;互联网保险 ;跨境电商 ;谷歌概念 ;云计算 ;电子商务 ;互联网+ ;互联网金融 ;证金持股,焦点科技
2096,--,南岭民爆
300450,更多新能源 ;深股通 ;工业4.0 ;锂电设备 ;锂电制造 ;宁德时代概念 ;特斯拉 ;新能源汽车 ;锂电池 ;MSCI预期,先导智能
300559,更多在线教育 ;高考 ;年报预增 ;高送转 ;国产软件 ;送转填权,佳发教育
300627,卫星导航 ;军民融合 ;无人机 ;长三角一体化,华测导航
300670,更多智能电网 ;配电网 ;工业互联网 ;电力物联网 ;高送转,大烨智能
910,北京环球影城 ;深股通 ;养老金持股 ;机构重仓,大亚圣象
709,更多特高压 ;钒涨价 ;中巴经济走廊 ;稀缺煤 ;京津冀一体化 ;雄安基建 ;恒大概念 ;钒电池 ;MSCI概念 ;铁矿石 ;融资融券 ;深股通 ;稀有金属 ;转融券标的 ;冬奥会 ;螺纹钢 ;核电 ;地方国资改革 ;特钢概念 ;雄安新区 ;年报预增,河钢股份
2603,更多医药电商 ;养老概念 ;老龄化 ;独家医药品种 ;抗癌 ;智能穿戴 ;胰岛素 ;炭疽 ;融资融券 ;埃博拉概念 ;深股通 ;转融券标的 ;手足口病 ;医保目录 ;禽流感 ;创新药 ;中医药 ;互联网医疗 ;流感 ;MSCI预期,以岭药业
603886,月饼 ;长三角一体化 ;台湾概念股,元祖股份
601222,更多分布式发电 ;新能源 ;沪股通 ;智能电网 ;太阳能 ;光伏概念 ;物联网应用层 ;物联网 ;节能照明 ;蔚来汽车概念 ;能源互联网 ;电力物联网,林洋能源
600820,更多天然气管道 ;铁路基建 ;一带一路 ;MSCI概念 ;高端装备 ;海底隧道 ;轨道交通 ;融资融券 ;沪股通 ;转融券标的 ;PPP概念 ;地方国资改革 ;上海国资改革 ;证金持股,隧道股份
603955,美丽中国 ;特色小镇 ;PPP概念 ;园林开发,大千生态
603336,贸易战受益股 ;苹果期货,宏辉果蔬
603903,PPP概念 ;污水处理 ;雄安新区 ;雄安环保,中持股份
600038,更多南海 ;航天军工 ;私人飞机 ;航空租赁 ;阅兵 ;嫦娥概念 ;高端装备 ;融资融券 ;沪股通 ;大飞机 ;军工 ;通用航空 ;转融券标的 ;国产航母 ;中航系 ;央企国资改革 ;MSCI预期 ;机构重仓,中直股份
300314,更多两会 ;儿童消费品 ;基因测序 ;干细胞 ;人脑工程 ;二胎概念 ;医疗器械概念,戴维医疗
2828,一带一路 ;油气开采 ;天然气 ;页岩气,贝肯能源
1872,更多深股通 ;融资融券 ;转融券标的 ;一带一路 ;粤港澳大湾区 ;航运港口 ;央企国资改革 ;机构重仓,招商港口
300107,更多分散染料 ;雄安金融 ;雄安新区 ;深股通 ;年报预增,建新股份
2181,更多数字出版示范 ;体育产业 ;TMT ;动漫 ;融资融券 ;平面媒体 ;转融券标的 ;电子商务 ;文化传媒 ;广东国资改革 ;地方国资改革 ;互联网+ ;互联网彩票 ;创投 ;独角兽概念 ;机构重仓,粤传媒
2415,更多云服务 ;MSCI概念 ;反恐 ;国开行 ;云计算 ;央视财经50 ;汽车电子 ;机器人概念 ;智能终端 ;安防 ;维稳 ;工业4.0 ;智能交通 ;边缘计算 ;融资融券 ;图像识别 ;深股通 ;转融券标的 ;工业机器人 ;人工智能 ;贸易战影响股 ;AI芯片 ;互联网+ ;大数据 ;智慧城市 ;人脸识别 ;超清视频 ;央企国资改革 ;物联网 ;中国电科系,海康威视
600117,更多轧板 ;稀缺煤 ;保障房 ;稀有金属 ;铁矿石 ;钒涨价 ;钒电池 ;铁路基建 ;地方国资改革 ;特钢概念,西宁特钢
600783,更多军民融合 ;金属镁 ;OGS触控屏 ;参股新三板 ;融资融券 ;新兴板概念 ;转融券标的 ;国改双百行动 ;地方国资改革 ;山东国资改革 ;创投 ;年报预增,鲁信创投
603180,白马股 ;沪股通,金牌厨柜
2479,更多余热发电 ;低碳 ;动力电池回收 ;垃圾发电 ;固废处理 ;节能环保,富春环保
601233,更多互联网金融 ;融资融券 ;沪股通 ;转融券标的 ;PTA ;涤纶 ;MSCI预期 ;长三角一体化,桐昆股份
2059,美丽中国 ;央企国资改革 ;年报预增,云南旅游
600126,更多螺纹钢 ;互联网钢铁 ;土地流转 ;杭州亚运会 ;污水处理 ;杭州湾大湾区 ;节能环保 ;白马股 ;地方国资改革 ;互联网+ ;特钢概念 ;浙江国资改革 ;机构重仓,杭钢股份
418,深股通 ;家用电器 ;MSCI预期 ;机构重仓,小天鹅A
419,更多村镇银行 ;参股保险 ;存准率扩围 ;金改 ;湖南国资改革 ;地方国资改革,通程控股
300315,更多电子竞技 ;IP概念 ;腾讯概念 ;文化传媒 ;深股通 ;网络直播 ;网络游戏 ;股权转让 ;动漫 ;手机游戏,掌趣科技
603933,工业4.0,睿能科技
300289,更多食品中国峰会 ;体外诊断 ;股权转让 ;地方国资改革 ;广东国资改革,利德曼
300523,更多高校 ;一带一路 ;物联网 ;安防 ;智慧城市 ;深股通 ;新基建,辰安科技
997,更多参股新三板 ;移动金融 ;物联网 ;电子发票 ;移动pos机 ;二维码识别 ;智慧城市 ;金融IC ;智能交通 ;网络游戏 ;电子商务 ;食品中国峰会 ;安防 ;福建物联网 ;大数据 ;小额贷款 ;融资融券 ;深股通 ;芯片概念 ;转融券标的 ;白马股 ;物联网感知层 ;医药安全 ;电子标签 ;互联网+ ;数字中国 ;无人零售 ;互联网金融 ;移动支付 ;MSCI预期 ;台湾概念股 ;证金持股,新大陆
600197,更多新疆建设兵团 ;融资融券 ;沪股通 ;转融券标的 ;地方国资改革 ;白酒概念 ;养老金持股,伊力特
600282,更多债转股 ;参股新三板 ;工业4.0 ;互联网钢铁 ;人工智能 ;铁矿石 ;低碳 ;碳税 ;涉矿 ;创投 ;可燃冰 ;核电 ;人民币贬值受益 ;融资融券 ;转融券标的 ;一带一路 ;互联网+ ;沪股通 ;工业互联网 ;MSCI预期,南钢股份
2528,更多军民融合 ;智能建筑 ;反恐 ;智能交通 ;广告营销 ;文化传媒 ;智能家居 ;安防 ;智慧城市 ;数字营销 ;谷歌概念 ;国资驰援,英飞拓
786,更多保障房 ;低碳 ;参股新三板 ;岩棉 ;建筑节能 ;绿色消费 ;装配式建筑 ;雄安基建 ;融资融券 ;深股通 ;绿色建筑 ;雄安新区 ;转融券标的 ;中材系 ;MSCI预期,北新建材
603848,电子商务 ;智能家居 ;沪股通,好太太
600133,更多循环经济 ;武汉金改 ;参股新三板 ;兽药 ;重金属治理 ;中部崛起 ;东湖高新园区 ;武汉光谷 ;武汉自贸区 ;长江经济带 ;垃圾发电 ;脱硫脱硝 ;湖北国资改革 ;地方国资改革 ;创投,东湖高新
300581,更多通用航空 ;航空发动机 ;军民融合 ;航空航天 ;无人机 ;军工,晨曦航空
601828,更多沪股通 ;智慧停车 ;进口博览会 ;互联网家装 ;腾讯概念,美凯龙
603615,电子商务 ;二胎概念,茶花股份
2448,中原经济区 ;智能汽车 ;军工 ;无人驾驶,中原内配
926,更多多晶硅 ;新型城镇化 ;融资融券 ;装配式建筑 ;深股通 ;转融券标的,福星股份
2753,白马股 ;石墨电极 ;煤化工 ;炭黑,永东股份
600169,更多核电 ;航天军工 ;高端装备 ;铁路基建 ;融资融券 ;挖掘机 ;转融券标的 ;轨道交通 ;高铁,太原重工
600101,更多新能源 ;钒电池 ;钒涨价 ;成渝特区 ;涉矿 ;天然气 ;央企国资改革 ;宝能系,明星电力
600118,更多一带一路 ;军工改制 ;MSCI概念 ;国产替代 ;航天军工 ;卫星导航 ;遥感技术 ;火箭军 ;月球车 ;融资融券 ;沪股通 ;阅兵 ;嫦娥概念 ;军民融合 ;航空航天 ;高端装备 ;大飞机 ;航天系 ;转融券标的 ;国产航母 ;央企国资改革 ;无人机 ;中字头股票 ;军工 ;太空互联网,中国卫星
2094,更多中韩自贸区 ;青岛自贸区 ;深股通 ;电子商务 ;她经济 ;外贸 ;商品新零售 ;新零售 ;阿里巴巴概念 ;化妆护肤品,青岛金王
2864,中医药 ;医保目录,盘龙药业
300159,更多新疆自贸区 ;一号文件 ;深股通 ;通用航空 ;乡村振兴 ;航空航天 ;大飞机 ;军工 ;农机 ;股权转让,新研股份
600613,更多抗癌 ;浦东前滩 ;生物医药 ;浦东新区 ;医保目录 ;中医药 ;抗肿瘤 ;超级真菌,神奇制药
600572,更多青蒿素 ;抗癌 ;小额贷款 ;医药电商 ;金改 ;抗肝癌 ;养老概念 ;智能医疗 ;融资融券 ;沪股通 ;转融券标的 ;医保目录 ;中医药 ;医疗改革 ;互联网+ ;仿制药 ;创新药 ;互联网医疗 ;工业大麻 ;MSCI预期,康恩贝
2679,更多福建土改 ;生态城乡 ;林场改革 ;纤维板 ;低碳 ;风沙治理 ;海峡西岸 ;土地流转 ;美丽中国 ;地方国资改革 ;证金持股,福建金森
2946,新股与次新股 ;乳业,新乳业
2251,更多收入改革 ;高考 ;双十一 ;移动购物 ;跨境电商 ;融资融券 ;深股通 ;商超百货 ;转融券标的 ;京东概念 ;消费金融 ;腾讯概念 ;新零售 ;电子商务 ;移动支付,步步高
600811,更多参股券商 ;振兴东北 ;依法治国概念 ;融资融券 ;沪股通 ;转融券标的 ;牛羊肉 ;贸易战受益股 ;供应链金融 ;电子商务,东方集团
603657,新股与次新股,春光科技
300237,更多橡胶 ;深股通 ;节能环保 ;美丽中国 ;PPP概念 ;宝能系 ;园林开发 ;股权转让,美晨生态
600115,更多航空租赁 ;油价下调 ;春运 ;MSCI概念 ;大飞机 ;3D打印 ;跨境电商 ;迪士尼 ;浦东新区 ;央企控股 ;上海自贸区 ;通用航空 ;融资融券 ;沪股通 ;转融券标的 ;电子商务 ;大消费 ;互联网+ ;人民币升值 ;央企国资改革 ;机构重仓,东方航空
600269,更多交通示范区 ;参股券商 ;鄱阳湖经济区 ;融资融券 ;转融券标的 ;地方国资改革 ;核电,赣粤高速
600546,更多涉矿 ;物流电商平台 ;山西国资改革 ;地方国资改革 ;证金持股,山煤国际
923,更多涉矿 ;铜 ;京津冀一体化 ;创投 ;冬奥会 ;挖掘机 ;体育产业 ;铜冶炼 ;中非合作 ;地方国资改革 ;雄安基建 ;雄安新区 ;铁矿石 ;冰雪产业,河北宣工
2256,更多华为概念 ;无人驾驶 ;空气净化 ;充电桩 ;聚乳酸 ;能源互联网 ;共享单车 ;深股通 ;锂电原料 ;可降解塑料 ;盐湖提锂 ;锂电池 ;光伏概念,兆新股份
2163,更多工业用地 ;幕墙 ;建筑节能 ;光伏玻璃 ;特种玻璃 ;中航系 ;央企国资改革,中航三鑫
2337,更多天津自贸区 ;工业机器人 ;证金持股 ;机器人概念 ;工业大麻,赛象科技
2403,更多互联网保险 ;空气净化 ;土地流转 ;家用电器 ;新零售 ;工业机器人 ;互联网+ ;机器人概念 ;独角兽概念,爱仕达
603168,生物医药 ;中医药 ;眼科医疗,莎普爱思
300195,更多参股新三板 ;机器人概念 ;工业机器人 ;云印刷 ;工业4.0 ;集成电路概念 ;科创板预期 ;柔性屏,长荣股份
545,钛白粉,金浦钛业
603555,更多参股保险 ;体育产业 ;京东概念 ;足球概念 ;证金持股 ;冰雪产业,贵人鸟
300190,更多危废处理 ;美丽中国 ;低碳 ;污水处理 ;PPP概念 ;土壤修复 ;节能环保 ;固废处理 ;年报预增,维尔利
600854,锂电池 ;家用电器 ;年报预增,春兰股份
2278,更多页岩气 ;海洋经济 ;壳资源 ;可燃冰 ;年报预增,神开股份
2546,能源互联网 ;智能电网 ;电力物联网,新联电子
300516,军民融合 ;海工装备 ;军工 ;央企国资改革,久之洋
408,更多金属镁 ;盐湖提锂 ;锂电原料 ;白马股 ;小金属概念 ;锂电池 ;新能源汽车,藏格控股
2327,婚庆 ;大消费 ;移动购物 ;深股通,富安娜
2906,更多节能照明 ;智能汽车 ;百度概念 ;深股通 ;汽车电子 ;无人驾驶 ;宁德时代概念,华阳集团
600160,更多埃博拉概念 ;低碳 ;互联网平台 ;磷化工 ;人工降雨 ;类稀土 ;三氯甲烷 ;碳交易 ;融资融券 ;转融券标的 ;氟化工 ;萤石 ;浙江国资改革 ;地方国资改革 ;制冷剂 ;沪股通 ;年报预增 ;MSCI预期,巨化股份
34,更多网络安全 ;深股通 ;云计算 ;物联网 ;白马股 ;数字中国 ;华为概念 ;数字孪生 ;边缘计算,神州数码
300534,独家医药品种 ;中医药 ;地方国资改革 ;甘肃国资改革,陇神戎发
2331,更多车联网 ;黄金水道 ;电子信息 ;依法治国概念 ;现代服务业 ;智能交通 ;智慧城市 ;SAAS ;雷达 ;互联网+ ;集成电路概念 ;军工 ;无人驾驶 ;物联网,皖通科技
600603,物流骨干网 ;涉矿 ;恒大概念 ;年报预增,广汇物流
600570,更多MSCI概念 ;基金三方销售 ;核高基 ;互联网医疗 ;电子商务 ;蚂蚁金服概念 ;融资融券 ;电子信息 ;马云概念 ;金融科技 ;沪股通 ;转融券标的 ;区块链应用 ;智能金融 ;区块链 ;互联网金融 ;独角兽概念 ;人工智能 ;国产软件,恒生电子
600231,更多油页岩 ;振兴东北 ;稀有金属 ;螺纹钢 ;铁矿石 ;沪股通 ;地方国资改革 ;机构重仓,凌钢股份
2303,更多云印刷 ;互联网平台 ;电子烟 ;深股通 ;工业4.0 ;环保包装 ;电子商务 ;互联网+ ;军民融合 ;台湾概念股,美盈森
300360,更多合同能源管理 ;参股360 ;智能表 ;智能电网 ;物联网应用层 ;能源互联网 ;物联网 ;新基建 ;电力物联网 ;边缘计算,炬华科技
603030,更多智能家居 ;服务机器人 ;机器人概念 ;年报预增 ;长三角一体化,全筑股份
715,全运会 ;商超百货 ;新零售,中兴商业
600315,更多她经济 ;老字号 ;高温概念 ;融资融券 ;转融券标的 ;电子商务 ;沪股通 ;大消费 ;化妆护肤品 ;MSCI预期,上海家化
300251,更多参股新三板 ;移动互联网 ;虚拟现实 ;IP概念 ;参股民营银行 ;融资融券 ;文化传媒 ;明星参股概念 ;阿里巴巴概念 ;深股通 ;网络直播 ;转融券标的 ;美团概念股 ;影视娱乐 ;动漫 ;年报预增 ;MSCI预期 ;科创板IPO,光线传媒
2849,更多SAAS ;天然气 ;仪电仪表 ;智能表 ;物联网应用层 ;物联网 ;新基建,威星智能
600970,更多马歇尔计划 ;低碳 ;央企控股 ;融资融券 ;沪股通 ;转融券标的 ;机械装备 ;一带一路 ;节能环保 ;中字头股票 ;中非合作 ;中材系 ;水泥 ;央企国资改革,中材国际
603890,电子信息 ;富士康概念 ;人民币贬值受益,春秋电子
898,更多互联网钢铁 ;循环经济 ;MSCI概念 ;螺纹钢 ;铁矿石 ;融资融券 ;深股通 ;冬奥会 ;转融券标的 ;沪伦通预期 ;央企国资改革 ;机构重仓,鞍钢股份
2442,更多新能源 ;储能 ;绿色轮胎 ;光伏概念 ;明星参股概念 ;京津冀一体化 ;炭素 ;充电桩 ;脱硫脱硝 ;白炭黑 ;股权转让 ;新能源汽车 ;炭黑 ;年报预增 ;煤化工,龙星化工
600512,PPP概念,腾达建设
603081,体育产业 ;PPP概念 ;文化传媒,大丰实业
2667,高端装备 ;壳资源,鞍重股份
45,更多外贸 ;深圳国资改革 ;广东国资改革 ;地方国资改革 ;OLED材料 ;OLED ;超清视频,深纺织A
2255,更多余热发电 ;煤化工 ;光伏概念 ;分布式发电 ;低碳 ;核电 ;商誉减值 ;充电桩,海陆重工
600561,更多春运 ;鄱阳湖经济区 ;参股新三板 ;长江经济带 ;地方国资改革 ;通用航空 ;宁德时代概念,江西长运
600824,新零售 ;地方国资改革 ;上海国资改革,益民集团
679,更多腾讯概念 ;东北亚经贸中心 ;振兴东北 ;大连自贸区 ;象牙加工销售 ;环渤海 ;小额贷款 ;新零售 ;壳资源,大连友谊
2554,更多一带一路 ;油气装备 ;油页岩 ;煤层气 ;油气开采 ;天然气 ;地下管网,惠博普
600892,更多氟化工 ;文化传媒 ;网络游戏 ;创投 ;影视娱乐,大晟文化
581,更多油品升级 ;节能减排 ;国Ⅳ排放受益 ;废气处理 ;尾气治理 ;MSCI概念 ;PM2.5 ;融资融券 ;深股通 ;转融券标的 ;电机电控 ;江苏国资改革 ;地方国资改革 ;新能源汽车 ;节能环保,威孚高科
300386,更多指纹技术 ;数字货币 ;移动支付 ;区块链 ;虹膜识别 ;区块链底层 ;知识产权保护 ;金融IC ;谷歌概念 ;芯片概念 ;芯片设计 ;网络安全 ;创投 ;互联网金融 ;柔性屏 ;国产软件,飞天诚信
603305,沪股通 ;新能源汽车 ;蔚来汽车概念 ;特斯拉,旭升股份
603518,她经济,维格娜丝
2227,更多无线充电 ;电动汽车 ;低碳 ;充电桩 ;新能源汽车 ;核电 ;新基建 ;科创板预期,奥特迅
2372,更多保障房 ;新型城镇化 ;新材料概念 ;排水 ;建筑节能 ;融资融券 ;深股通 ;地下管网 ;转融券标的 ;石墨烯 ;海绵城市 ;MSCI预期 ;PPP概念 ;养老金持股 ;机构重仓,伟星新材
600611,更多公共交通 ;特斯拉 ;迪士尼 ;参股券商 ;融资融券 ;沪股通 ;二手车 ;转融券标的 ;小额贷款 ;网约车,大众交通
753,更多无人岛开发 ;福建基建 ;村镇银行 ;海峡西岸 ;平潭免税区 ;装配式建筑 ;污水处理 ;地方国资改革 ;PPP概念 ;福建自贸区 ;创投 ;郭台铭概念,漳州发展
632,更多平潭免税区 ;无人岛开发 ;海峡西岸 ;福建自贸区 ;郭台铭概念,三木集团
2034,更多PPP概念 ;垃圾发电 ;固废处理 ;节能环保 ;深股通,旺能环境
2798,参股新三板 ;年报预增,帝欧家居
603808,她经济 ;电子商务,歌力思
300552,更多智能交通 ;激光器 ;智慧城市 ;雷达 ;国资驰援 ;无人驾驶 ;边缘计算,万集科技
300683,创新药 ;抗癌 ;生物医药 ;乙肝治疗,海特生物
2526,更多3D打印 ;涉矿 ;煤矿安全 ;预警机 ;工业4.0 ;工业机器人 ;机器人概念 ;网络游戏 ;手机游戏 ;无人机 ;年报预增 ;高端装备,山东矿机
2126,更多小额贷款 ;废气处理 ;智能汽车 ;深股通 ;尾气治理 ;独角兽概念 ;新能源汽车 ;超级高铁 ;量子通信 ;科创板IPO ;透明工厂 ;养老金持股,银轮股份
2898,横琴新区,赛隆药业
300254,更多工业用地 ;中医药 ;生物医药 ;二胎概念 ;基因测序,仟源医药
603926,--,铁流股份
600053,更多跨境电商 ;鄱阳湖经济区 ;PPP概念 ;沪股通 ;证金持股 ;创投,九鼎投资
899,更多新能源 ;鄱阳湖经济区 ;煤价下跌受益 ;互联网平台 ;核电 ;融资融券 ;转融券标的 ;地方国资改革 ;年报预增,赣能股份
601137,更多新材料概念 ;4D打印 ;新能源 ;外贸 ;铜 ;富士康概念 ;多晶硅 ;太阳能 ;5G ;光伏概念 ;华为概念,博威合金
300418,更多P2P概念 ;IP概念 ;互联网大会 ;虚拟现实 ;网络视频 ;电子商务 ;深股通 ;创投 ;VR设备 ;网络游戏 ;白马股 ;在线教育 ;互联网+ ;手机游戏 ;网络直播 ;独角兽概念 ;人工智能 ;互联网金融 ;无人驾驶 ;台湾概念股,昆仑万维
300001,更多国开行 ;高铁 ;PPP概念 ;新能源 ;铁路基建 ;轨道交通 ;仪电仪表 ;融资融券 ;深股通 ;转融券标的 ;融资租赁 ;智能电网 ;储能 ;网约车 ;光伏概念 ;新能源汽车 ;充电桩 ;MSCI预期,特锐德
603116,电子商务 ;金改 ;参股民营银行 ;参股券商,红蜻蜓
300035,更多合同能源管理 ;参股新三板 ;海洋经济 ;智能电网 ;磁悬浮 ;负极材料 ;超级高铁 ;锂电设备 ;锂电池 ;石墨烯 ;年报预增,中科电气
2202,更多仪电仪表 ;MSCI概念 ;碳税 ;新疆自贸区 ;低碳 ;新疆振兴 ;苹果概念 ;融资融券 ;深股通 ;转融券标的 ;海上风电 ;能源互联网 ;风电 ;独角兽概念,金风科技
2518,更多仪电仪表 ;新能源 ;分布式发电 ;铅蓄电池 ;融资融券 ;转融券标的 ;太阳能 ;充电桩 ;光伏概念 ;储能 ;宁德时代概念,科士达
600645,更多细胞免疫治疗 ;抗癌 ;基因芯片 ;冠状病毒 ;滨海新区 ;生物医药 ;基因疗法 ;细胞运输膜融合 ;融资融券 ;独角兽概念 ;转融券标的 ;医保目录 ;基因测序 ;干细胞 ;体外诊断 ;科创板预期,中源协和
2690,更多食品中国峰会 ;食品安全 ;智能医疗 ;深股通 ;医疗器械概念,美亚光电
603041,--,美思德
300057,更多电子纸 ;智能终端 ;三星 ;触摸屏 ;双胶纸 ;OLED材料 ;OLED ;柔性屏,万顺股份
300358,更多智能物流 ;医疗机器人 ;服务机器人 ;工业4.0 ;机器人概念 ;医药安全 ;透明工厂,楚天科技
502,人工智能 ;壳资源,绿景控股
936,更多共享单车 ;中概股回归 ;人工智能 ;金改 ;AI芯片 ;宁德时代概念 ;芯片概念 ;金控平台 ;涤纶 ;独角兽概念 ;知识产权保护 ;创投 ;参股券商 ;科创板IPO,华西股份
603616,更多地下管网 ;雄安基建 ;PPP概念 ;水利 ;雄安新区 ;海绵城市,韩建河山
600006,更多新能源物流车 ;网约车 ;汽车制造概念 ;融资融券 ;转融券标的 ;智能汽车 ;新能源汽车 ;央企国资改革 ;无人驾驶 ;燃料电池 ;年报预增 ;证金持股 ;华为概念 ;华为汽车,东风汽车
600059,更多老字号 ;参股新三板 ;融资融券 ;转融券标的 ;地方国资改革 ;浙江国资改革,古越龙山
600370,--,三房巷
501,更多新零售 ;中部崛起 ;武汉金改 ;收入改革 ;武汉自贸区 ;融资融券 ;电子商务 ;深股通 ;商超百货 ;转融券标的,鄂武商A
603880,抗肿瘤 ;医疗器械概念,南卫股份
300055,更多煤化工 ;污水处理 ;PPP概念 ;上海自贸区 ;美丽中国 ;雄安环保 ;膜材料 ;雄安新区 ;融资融券 ;深股通 ;转融券标的 ;固废处理 ;节能环保,万邦达
601801,更多文化传媒 ;供应链金融 ;在线教育 ;迪士尼 ;创投 ;融资融券 ;平面媒体 ;转融券标的 ;独角兽概念 ;安徽国资改革 ;地方国资改革 ;动漫 ;沪股通 ;MSCI预期 ;机构重仓,皖新传媒
426,更多融资融券 ;深股通 ;转融券标的 ;涉矿 ;金属镍 ;钌催化剂 ;钴 ;锌 ;小金属概念 ;科创板预期,兴业矿业
2039,更多央企控股 ;西电东送 ;抗寒 ;电力改革 ;央企国资改革 ;养老金持股,黔源电力
603277,贸易战影响股,银都股份
600583,更多一带一路 ;高端装备 ;油气开采 ;MSCI概念 ;央企控股 ;滨海新区 ;油价上调 ;环渤海 ;燃油 ;融资融券 ;沪股通 ;转融券标的 ;天然气 ;央企国资改革 ;海工装备 ;证金持股 ;机构重仓,海油工程
300283,智能电网 ;干细胞 ;股权转让 ;年报预增,温州宏丰
603101,新零售,汇嘉时代
153,更多金改 ;抗肝癌 ;生物医药 ;眼科医疗 ;抗癌 ;医保目录 ;地方国资改革 ;安徽国资改革,丰原药业
600120,更多量子通信 ;外贸 ;参股保险 ;供应链金融 ;互联网期货 ;参股券商 ;融资融券 ;职业教育 ;转融券标的 ;金改 ;浙江国资改革 ;地方国资改革 ;债转股 ;信托概念 ;期货概念 ;创投 ;证金持股 ;独角兽概念 ;科创板IPO,浙江东方
300643,--,万通智控
300133,更多明星参股概念 ;新媒体 ;参股新三板 ;网络游戏 ;IP概念 ;在线旅游 ;网络视频 ;融资融券 ;深股通 ;网络直播 ;转融券标的 ;VR影视 ;文化传媒 ;虚拟现实 ;移动互联网 ;手机游戏 ;大数据 ;动漫 ;影视娱乐,华策影视
2470,更多渤海粮仓 ;磷化工 ;中以自贸区 ;农村电商 ;家庭农场 ;融资融券 ;园林开发 ;深股通 ;转融券标的 ;乡村振兴 ;土壤修复 ;生态农业 ;美丽中国 ;化肥 ;MSCI预期,金正大
300692,污水处理 ;外资券商影子股,中环环保
603533,更多大消费 ;IP概念 ;数字阅读 ;沪股通 ;文化传媒 ;知识产权保护 ;独角兽概念 ;宝能系,掌阅科技
676,更多仪电仪表 ;王者荣耀 ;网络游戏 ;文化传媒 ;搜索引擎 ;深股通 ;广告营销 ;移动互联网 ;白马股 ;数字营销 ;谷歌概念 ;小额贷款 ;创投 ;独角兽概念,智度股份
2414,更多中部崛起 ;体感交互 ;国开行 ;军民融合 ;埃博拉概念 ;全息手机 ;反恐 ;雷达 ;眼动技术 ;嫦娥概念 ;寨卡病毒概念 ;融资融券 ;深股通 ;转融券标的 ;安防 ;无人驾驶 ;军工 ;年报预增 ;高送转,高德红外
603076,啤酒概念,乐惠国际
300630,海南自贸区 ;深股通 ;年报预增 ;高送转,普利制药
2216,超级品牌 ;月饼 ;春节概念 ;海底捞概念,三全食品
601238,更多MSCI概念 ;参股新三板 ;二手车 ;汽车制造概念 ;车联网 ;智能汽车 ;融资融券 ;沪股通 ;转融券标的 ;白马股 ;蔚来汽车概念 ;地方国资改革 ;新能源整车 ;新能源汽车 ;宁德时代概念 ;广东国资改革,广汽集团
2122,更多中澳自贸区 ;参股保险 ;ST板块 ;SAAS ;大数据 ;创投,*ST天马
600283,更多水价改革 ;参股新三板 ;抗旱 ;舟山新区 ;污水处理 ;节能环保 ;水利 ;创投 ;央企国资改革 ;机构重仓,钱江水利
600261,更多参股券商 ;低碳 ;融资融券 ;沪股通 ;转融券标的 ;节能照明,阳光照明
600587,更多大消费 ;互联网医疗 ;融资融券 ;沪股通 ;转融券标的 ;医保目录 ;地方国资改革 ;互联网+ ;医疗器械概念 ;证金持股 ;山东国资改革,新华医疗
2774,电梯概念,快意电梯
2712,更多IP概念 ;影视娱乐 ;广告营销 ;数字阅读 ;短视频 ;文化传媒 ;知识产权保护 ;独角兽概念 ;科创板IPO,思美传媒
2452,更多仪电仪表 ;智能电网 ;安防 ;网约车 ;特高压 ;壳资源 ;新基建,长高集团
2623,更多新能源 ;光伏玻璃 ;太阳能 ;光伏概念 ;玻璃,亚玛顿
600982,更多供气 ;电力改革 ;生物质能 ;融资租赁 ;浙江国资改革 ;地方国资改革 ;年报预增,宁波热电
519,更多军民融合 ;阅兵 ;增碳剂 ;火箭军 ;超硬材料 ;新材料概念 ;军工 ;中兵系 ;央企国资改革 ;年报预增,中兵红箭
600232,更多纳米 ;舟山自贸区 ;舟山新区 ;口罩 ;循环经济 ;正极材料 ;锂电池,金鹰股份
2661,小额贷款 ;参股民营银行 ;面粉 ;年报预增,克明面业
600895,更多蚂蚁金服概念 ;新兴板概念 ;租售同权 ;MSCI概念 ;参股新三板 ;抗艾滋病 ;浦东新区 ;融资融券 ;转融券标的 ;浦东前滩 ;地方国资改革 ;上海自贸区 ;上海国资改革 ;科创板预期 ;创投 ;科创板IPO ;证金持股,张江高科
2668,更多消费金融 ;互联网保险 ;节能环保 ;数字货币 ;深股通 ;区块链应用 ;供应链金融 ;金融科技 ;P2P概念 ;互联网金融 ;股权转让 ;家用电器 ;区块链,奥马电器
2307,更多参股新三板 ;新疆自贸区 ;融资租赁 ;西部开发 ;公路建设 ;新疆振兴 ;新疆建设兵团 ;新疆发展 ;一带一路 ;融资融券 ;转融券标的 ;基建工程 ;PPP概念 ;证金持股,北新路桥
600683,更多土地流转 ;棚户区改造 ;特斯拉 ;土地增值 ;中央政务区 ;地方国资改革 ;创投 ;北京国资改革,京投发展
2076,更多参股新三板 ;合同能源管理 ;低碳 ;PM2.5 ;空气净化 ;充电桩 ;节能环保 ;锂电设备 ;电子商务 ;节能照明 ;新能源汽车 ;锂电池 ;宁德时代概念 ;无人机 ;创投,雪莱特
2438,更多中巴经济走廊 ;工业4.0 ;合同能源管理 ;股权转让 ;节能环保 ;一带一路,江苏神通
600368,更多涉矿 ;东盟北部湾 ;北部湾自贸区 ;小额贷款 ;金改 ;东盟自贸区 ;跨境电商 ;电子商务 ;地方国资改革 ;一带一路,五洲交通
603055,涤纶 ;锦纶 ;长三角一体化,台华新材
2151,更多智能交通 ;航空航天 ;电子信息 ;TMT ;遥感技术 ;智能物流 ;军民融合 ;地理信息 ;汽车电子 ;高端装备 ;阅兵 ;国家大基金持股 ;融资融券 ;国产替代 ;卫星导航 ;深股通 ;芯片制造 ;转融券标的 ;芯片概念 ;物联网平台层 ;国产航母 ;物联网 ;集成电路概念 ;无人驾驶 ;军工,北斗星通
601933,更多MSCI概念 ;大消费 ;参股民营银行 ;跨境电商 ;扶贫开发 ;融资融券 ;沪股通 ;商超百货 ;便利店 ;转融券标的 ;新零售 ;腾讯概念,永辉超市
300233,埃博拉概念 ;创新药 ;石墨烯 ;科创板预期,金城医药
600020,更多文化传媒 ;中原经济区 ;参股保险 ;春运 ;融资融券 ;沪股通 ;转融券标的 ;河南国资改革 ;地方国资改革 ;优先股概念 ;河南自贸区 ;创投 ;信托概念 ;科创板IPO,中原高速
603909,--,合诚股份
600998,更多参股民营银行 ;养老概念 ;MSCI概念 ;空气净化 ;融资融券 ;沪股通 ;转融券标的 ;健康中国 ;互联网+ ;医疗器械概念 ;医药电商 ;互联网医疗,九州通
547,更多电子信息 ;航天军工 ;深股通 ;大数据 ;军民融合 ;虚拟现实 ;VR平台 ;网络安全 ;军工 ;央企国资改革 ;新基建 ;年报预增,航天发展
600621,更多参股外资金融 ;参股券商 ;上海自贸区 ;上海国资改革 ;金改 ;外资券商影子股,华鑫股份
603668,饲料,天马科技
600114,更多3D打印 ;国际板 ;股权转让 ;沪股通 ;特斯拉 ;燃料电池,东睦股份
300707,白马股 ;特斯拉,威唐工业
300049,更多超声治疗 ;冬虫夏草 ;中医药 ;互联网医疗 ;成泉资本持股 ;医疗器械概念,福瑞股份
2843,光伏概念 ;高送转,泰嘉股份
603032,年报预增,德新交运
603351,新股与次新股,威尔药业
601099,更多互联网券商 ;众筹概念 ;融资融券 ;沪股通 ;转融券标的 ;互联网金融 ;互联网+ ;MSCI预期,太平洋
600098,更多供气 ;垃圾发电 ;南沙新区 ;LNG汽车 ;融资融券 ;广东自贸区 ;转融券标的 ;美丽中国 ;LNG加气站 ;粤港澳大湾区 ;地方国资改革 ;天然气 ;可燃冰 ;养老金持股 ;机构重仓 ;广东国资改革,广州发展
600008,更多水价改革 ;排水 ;雄安新区 ;参股新三板 ;雄安环保 ;MSCI概念 ;海绵城市 ;北京环球影城 ;融资融券 ;农村环境治理 ;沪股通 ;转融券标的 ;乡村振兴 ;污水处理 ;地方国资改革 ;PPP概念 ;固废处理 ;节能环保 ;证金持股 ;北京国资改革,首创股份
755,更多低碳 ;氨纶 ;山西国资改革 ;地方国资改革 ;摘帽,山西路桥
600699,更多人脑工程 ;元器件 ;宝马概念 ;融资融券 ;沪股通 ;工业机器人 ;转融券标的 ;智能汽车 ;机器人概念 ;汽车电子 ;新能源汽车 ;车联网 ;互联网+ ;特斯拉 ;无人驾驶 ;无线充电 ;年报预增 ;MSCI预期,均胜电子
603488,--,展鹏科技
600350,更多春运 ;涉矿 ;国家科技大会 ;一带一路 ;参股券商 ;融资融券 ;沪股通 ;转融券标的 ;山东国资改革 ;地方国资改革 ;机构重仓,山东高速
601058,更多青岛自贸区 ;东盟自贸区 ;绿色轮胎 ;沪股通 ;年报预增,赛轮轮胎
2873,中医药 ;医保目录,新天药业
603258,更多虚拟现实 ;腾讯概念 ;网络游戏 ;阿里巴巴概念 ;电子竞技 ;手机游戏,电魂网络
428,更多收入改革 ;情人节 ;参股保险 ;航天军工 ;湖南国资改革 ;地方国资改革,华天酒店
600641,更多上海自贸区 ;股权转让 ;国际板 ;沪股通 ;国家大基金持股 ;太阳能 ;集成电路概念,万业企业
603988,股权转让,中电电机
2020,更多板蓝根 ;参股券商 ;眼科医疗 ;生物医药 ;地震 ;抗癌 ;深股通 ;仿制药 ;医保目录,京新药业
603939,沪股通 ;医药电商 ;机构重仓 ;白马股,益丰药房
300378,更多大数据 ;工业4.0 ;人工智能 ;工业互联网 ;透明工厂 ;台湾概念股,鼎捷软件
601886,更多健康中国 ;幕墙 ;参股民营银行 ;融资融券 ;转融券标的 ;眼科医疗 ;民营医院,江河集团
600398,更多核污染防治 ;二胎概念 ;智能物流 ;阿里巴巴概念 ;融资融券 ;股权转让 ;腾讯概念 ;沪股通 ;商品新零售 ;转融券标的 ;赛马概念 ;MSCI概念 ;大消费 ;新零售 ;机构重仓,海澜之家
601368,沪股通 ;污水处理 ;地方国资改革,绿城水务
603308,更多通用航空 ;一带一路 ;工业4.0 ;军工 ;核电 ;航空发动机 ;航空航天,应流股份
300751,新股与次新股 ;太阳能 ;光伏概念 ;长三角一体化,迈为股份
2352,更多铁路混改 ;线材 ;双十一 ;军用无人机 ;深股通 ;快递 ;民用无人机 ;冷链物流 ;智能物流 ;无人机 ;MSCI概念 ;白马股 ;机构重仓,顺丰控股
600228,更多ST板块 ;鄱阳湖经济区 ;尿素 ;地方国资改革 ;北京国资改革,ST昌九
603017,装配式建筑 ;一带一路 ;独角兽概念 ;科创板IPO,中衡设计
2006,更多分布式发电 ;机器人概念 ;新能源 ;工业机器人 ;多晶硅 ;太阳能 ;碳纤维 ;光伏概念,精功科技
37,核电,深南电A
2940,新股与次新股,昂利康
601179,更多央企控股 ;智能电网 ;一带一路 ;融资融券 ;转融券标的 ;特高压 ;中字头股票 ;央企国资改革 ;新基建 ;机构重仓,中国西电
600636,更多新材料概念 ;军工 ;三氯甲烷 ;在线教育 ;低碳 ;氟化工 ;股权转让 ;职业教育 ;制冷剂 ;央企国资改革 ;年报预增 ;超清视频,三爱富
603866,沪股通,桃李面包
711,更多污水处理 ;智能建筑 ;余热发电 ;智慧城市 ;工业4.0 ;智能医疗 ;美丽中国 ;节水灌溉 ;物联网应用层 ;土壤修复 ;大数据 ;PPP概念 ;物联网 ;雄安新区 ;雄安环保 ;园林开发 ;边缘计算,京蓝科技
603335,汽车关税下调,迪生力
603567,更多中医药 ;沪股通 ;创新药 ;抗肿瘤 ;抗癌,珍宝岛
300384,更多高端装备 ;大数据 ;互联网+ ;送转填权 ;互联网金融 ;锦纶 ;创投,三联虹普
2788,中医药 ;医疗器械概念 ;高送转,鹭燕医药
603025,国产软件 ;沪股通 ;地方国资改革 ;北京国资改革,大豪科技
2715,尾气治理 ;壳资源 ;创投,登云股份
603869,更多游轮 ;智能交通 ;大数据 ;智慧城市 ;海南自贸区 ;航运概念,新智认知
300724,新股与次新股 ;白马股 ;太阳能 ;光伏概念,捷佳伟创
975,更多涉矿 ;铅 ;融资融券 ;白银 ;深股通 ;锌 ;转融券标的 ;小金属概念 ;黄金概念 ;年报预增 ;MSCI预期 ;养老金持股,银泰资源
300079,更多NFC ;小额贷款 ;智能电视 ;智能终端 ;虚拟现实 ;宽带中国 ;电子信息 ;手势识别 ;三网融合 ;体感交互 ;互联网金融 ;融资融券 ;转融券标的 ;VR直播 ;金融IC ;网络安全 ;世界杯 ;金融科技 ;知识产权保护 ;影视娱乐 ;年报预增 ;广播电视 ;超清视频 ;文化传媒,数码科技
2555,更多参股新三板 ;文化传媒 ;参股360 ;深股通 ;影视娱乐 ;音乐产业 ;虚拟现实 ;白马股 ;MSCI概念 ;网络游戏 ;手机游戏 ;动漫 ;腾讯音乐概念 ;融资融券 ;转融券标的,三七互娱
600298,更多调味品 ;月饼 ;融资融券 ;沪股通 ;转融券标的 ;保健品 ;湖北国资改革 ;地方国资改革 ;MSCI预期 ;工业大麻 ;机构重仓,安琪酵母
553,更多登革热 ;百草枯 ;蜱虫 ;生物农药 ;吡啶 ;寨卡病毒概念 ;深股通 ;白马股 ;草甘膦 ;央企国资改革 ;年报预增,安道麦A
603077,更多农村电商 ;碳纤维 ;黑磷 ;沪股通 ;乡村振兴 ;氯化铵 ;草甘膦 ;MSCI预期,和邦生物
300583,生物医药,赛托生物
603200,污水处理,上海洗霸
591,更多太阳能 ;能源互联网 ;深股通 ;光伏概念 ;央企国资改革,太阳能
2433,更多健康中国 ;老字号 ;中医药 ;医药电商 ;电子商务 ;医保目录 ;互联网医疗,太安堂
600865,更多金改 ;新零售 ;共享医院 ;信托概念 ;共享经济 ;年报预增 ;蚂蚁金服概念,百大集团
603919,消费金融 ;白酒概念,金徽酒
2132,蓝宝石 ;新材料概念 ;光伏概念,恒星科技
300753,新股与次新股 ;医疗器械概念,爱朋医疗
600186,更多融资租赁 ;融资融券 ;转融券标的 ;味精 ;壳资源 ;调味品,莲花健康
2931,园林开发 ;高送转预期,锋龙股份
603589,沪股通 ;白酒概念 ;MSCI预期,口子窖
603259,更多独角兽概念 ;新股与次新股 ;基因测序 ;创新药 ;沪股通 ;年报预增 ;养老金持股,药明康德
603198,更多沪股通 ;老字号 ;白酒概念 ;养老金持股 ;中科系,迎驾贡酒
300694,新股与次新股 ;燃料电池,蠡湖股份
2391,更多百草枯 ;草甘膦 ;登革热 ;吡啶 ;乡村振兴 ;高送转,长青股份
2771,军民融合 ;军工,真视通
600520,更多机器人概念 ;工业机器人 ;集成电路概念 ;壳资源 ;紫光系,文一科技
2179,更多央企控股 ;军民融合 ;嫦娥概念 ;量子通信 ;阅兵 ;融资融券 ;特斯拉 ;深股通 ;大飞机 ;航空航天 ;转融券标的 ;国产航母 ;白马股 ;新能源汽车 ;军工 ;5G ;中航系 ;央企国资改革 ;MSCI预期 ;机构重仓,中航光电
2494,更多电子商务 ;节能环保 ;大数据 ;抗寒 ;物流电商平台 ;雄安地产 ;网络直播 ;特色小镇 ;雄安新区,华斯股份
300279,更多阿里巴巴概念 ;三网融合 ;依法治国概念 ;互联网保险 ;腾讯概念 ;幼儿教育 ;在线教育 ;智能家居 ;物联网应用层 ;股权转让 ;智慧城市 ;独角兽概念 ;物联网 ;超清视频,和晶科技
600639,更多参股券商 ;迪士尼 ;B转H ;浦东新区 ;工业用地 ;浦东前滩 ;融资融券 ;转融券标的 ;地方国资改革 ;上海自贸区 ;创投 ;机构重仓 ;证金持股 ;上海国资改革,浦东金桥
488,更多圣诞节 ;涉矿 ;林场改革 ;国开行 ;污水处理 ;废气处理 ;融资融券 ;深股通 ;造纸转暖 ;转融券标的 ;融资租赁 ;金属镁 ;双胶纸 ;白卡纸 ;地方国资改革 ;优先股概念 ;人民币升值 ;纸浆,晨鸣纸业
600658,更多工业用地 ;参股新三板 ;北京国资改革 ;地方国资改革 ;创投,电子城
2339,更多恒大概念 ;军工 ;军民融合 ;电子信息 ;配电网 ;能源互联网 ;智能电网 ;充电桩 ;物联网应用层 ;3D打印 ;物联网 ;电力物联网,积成电子
300572,年报预增 ;高送转,安车检测
300621,租售同权 ;雄安新区,维业股份
603309,医疗器械概念,维力医疗
2404,更多丝绸 ;小额贷款 ;工业4.0 ;嘉兴土改 ;电子商务 ;光伏概念 ;民营金融 ;锂电池 ;互联网平台 ;人民币贬值受益 ;长三角一体化,嘉欣丝绸
600663,更多B转H ;上海金改 ;参股券商 ;浦东前滩 ;迪士尼 ;浦东新区 ;民营金融 ;融资融券 ;沪股通 ;转融券标的 ;地方国资改革 ;上海自贸区 ;上海国资改革 ;创投 ;证金持股 ;机构重仓,陆家嘴
601727,更多工业4.0 ;低碳 ;中巴经济走廊 ;融资租赁 ;债转股 ;一带一路 ;仪电仪表 ;节能电机 ;融资融券 ;高端装备 ;沪股通 ;智能交通 ;转融券标的 ;太阳能 ;MSCI概念 ;海上风电 ;轨道交通 ;地方国资改革 ;核电 ;风电 ;独角兽概念 ;充电桩 ;证金持股 ;机构重仓 ;上海国资改革 ;燃料电池 ;机器人概念,上海电气
300696,军民融合 ;大飞机 ;贸易战受益股 ;军工,爱乐达
2610,更多新能源 ;PPP概念 ;小额贷款 ;分布式发电 ;正定新区 ;能源互联网 ;碳交易 ;深股通 ;区块链应用 ;钨 ;扶贫开发 ;太阳能 ;新能源汽车 ;锂电设备 ;小金属概念 ;锂电池 ;充电桩 ;区块链 ;光伏概念,爱康科技
300005,更多体育产业 ;体育用品 ;冬奥会 ;智能穿戴 ;虚拟现实 ;足球概念 ;在线旅游 ;商品新零售 ;电子商务 ;大消费 ;新零售 ;冰雪产业,探路者
600507,更多炭素 ;轧板 ;鄱阳湖经济区 ;涉矿 ;沪股通 ;债转股 ;融资融券 ;转融券标的 ;特钢概念,方大特钢
600143,更多宝马概念 ;金改 ;线型 ;聚丙烯 ;参股民营银行 ;国家科技大会 ;聚碳酸酯 ;参股保险 ;小额贷款 ;小额再贷款 ;融资融券 ;碳纤维 ;转融券标的 ;可降解塑料 ;特斯拉 ;煤化工,金发科技
300278,更多轨道交通 ;航空航天 ;军用机器人 ;工业机器人 ;军工 ;工业4.0 ;特斯拉 ;机器人概念 ;新基建,华昌达
2173,水域改革 ;细胞免疫治疗 ;民营医院,创新医疗
2062,更多充电桩 ;机器人概念 ;工业机器人 ;光伏概念 ;太阳能 ;新型城镇化 ;轨道交通 ;PPP概念,宏润建设
600543,更多葡萄酒替白酒 ;融资融券 ;转融券标的 ;贸易战受益股 ;地方国资改革 ;甘肃国资改革,莫高股份
78,更多多肽药 ;抗癌 ;手足口病 ;禽流感 ;登革热 ;生物疫苗 ;达菲 ;防辐射 ;MERS概念 ;手足口病疫苗 ;融资融券 ;国产伟哥 ;深股通 ;转融券标的 ;医保目录 ;医疗改革 ;医疗器械概念 ;流感 ;超级真菌,海王生物
2087,土地流转 ;棉花种植 ;地方国资改革 ;供销社,新野纺织
403,血液制品 ;生物医药 ;摘帽 ;年报预增,振兴生化
300658,二胎概念 ;人民币贬值受益,延江股份
603825,文化传媒 ;广告营销,华扬联众
600853,更多海绵城市 ;振兴东北 ;特色小镇 ;国改双百行动 ;地方国资改革 ;PPP概念,龙建股份
705,更多老字号 ;医保目录 ;京东概念 ;地方国资改革 ;浙江国资改革,浙江震元
513,更多横琴新区 ;生物医药 ;B转H ;参股新三板 ;融资融券 ;深股通 ;转融券标的 ;哮喘 ;单抗 ;中医药 ;医保目录 ;基因测序 ;创新药 ;流感 ;MSCI预期,丽珠集团
601919,更多中字头股票 ;滨海新区 ;环渤海 ;航运系 ;融资融券 ;沪股通 ;转融券标的 ;航运港口 ;MSCI概念 ;进口博览会 ;航运概念 ;一带一路 ;中远系 ;央企国资改革 ;机构重仓,中远海控
737,更多新材料概念 ;碳纳米管 ;钠离子电池 ;稀有金属 ;纳米 ;除雪概念 ;ST板块 ;山西国资改革 ;地方国资改革 ;小金属概念,ST南风
2759,家用电器 ;电解液 ;锂电池 ;年报预增,天际股份
300176,更多供应链金融 ;小额贷款 ;贸易战影响股 ;特斯拉 ;宁德时代概念 ;互联网金融 ;白马股,派生科技
603199,电子商务 ;在线旅游 ;地方国资改革 ;安徽国资改革,九华旅游
603855,光伏概念 ;太阳能,华荣股份
812,更多聚乳酸 ;人民币升值 ;国际板 ;融资融券 ;职业教育 ;转融券标的 ;参股券商 ;信托概念 ;创投,陕西金叶
600305,更多老字号 ;超级品牌 ;沪股通 ;地方国资改革 ;大消费 ;调味品,恒顺醋业
600382,更多三旧改造 ;涉矿 ;外贸 ;融资融券 ;转融券标的 ;PPP概念 ;铁矿石,广东明珠
600933,汽车制造概念 ;工业4.0 ;沪股通,爱柯迪
2515,更多收入改革 ;微信概念 ;蚂蚁金服概念 ;涉矿 ;创投 ;参股民营银行,金字火腿
300018,更多东湖高新园区 ;健康中国 ;恒大概念 ;中部崛起 ;卫星导航 ;参股新三板 ;仪电仪表 ;特高压 ;区块链应用 ;医疗机器人 ;智能电网 ;区块链 ;机器人概念 ;医疗器械概念 ;股权转让 ;互联网医疗 ;军工 ;创投 ;养老概念 ;证金持股,中元股份
603959,更多橡胶 ;沪股通 ;锂电设备 ;锂电池 ;宁德时代概念 ;新能源汽车 ;煤化工,百利科技
600416,更多仪电仪表 ;低碳 ;海上风电 ;节水灌溉 ;新能源 ;融资融券 ;沪股通 ;转融券标的 ;军民融合 ;节能电机 ;军工 ;风电,湘电股份
600616,更多老字号 ;融资融券 ;转融券标的 ;地方国资改革 ;上海国资改革,金枫酒业
300475,家用电器 ;机器人概念 ;工业机器人,聚隆科技
600127,更多早籼稻 ;循环经济 ;粳稻 ;基因测序 ;地沟油概念 ;油菜籽 ;食用油 ;外贸 ;晚籼稻 ;埃博拉概念 ;农业种植 ;面粉 ;地方国资改革 ;乡村振兴 ;乳业 ;湖南国资改革,金健米业
2263,更多食品包装 ;小额贷款 ;塑料钞票 ;可降解塑料 ;锂矿 ;新能源汽车 ;网络游戏 ;膜材料 ;锂电池 ;锂电隔膜 ;ST板块 ;储能 ;新材料概念 ;手机游戏 ;煤化工,*ST东南
600882,蜱虫 ;股权转让 ;乳业,妙可蓝多
2301,更多文具 ;深股通 ;SAAS ;智慧党建 ;京东概念 ;云计算 ;国资驰援 ;腾讯概念,齐心集团
603063,光伏概念 ;风电,禾望电气
2737,更多儿童医药医疗 ;深股通 ;医保目录 ;维生素 ;中医药 ;保健品 ;流感,葵花药业
603776,更多智能交通 ;共享汽车 ;共享经济 ;沪股通 ;白马股 ;共享单车 ;新能源整车 ;新能源汽车 ;物联网 ;蚂蚁金服概念,永安行
2752,深股通,N兴股份
2268,更多大数据 ;云服务 ;维稳 ;透明计算 ;云计算 ;融资融券 ;深股通 ;区块链储备 ;5G ;转融券标的 ;电子政务 ;芯片概念 ;国产软件 ;核高基 ;贸易战影响股 ;区块链 ;中国电科系 ;移动支付 ;网络安全 ;央企国资改革 ;MSCI预期 ;数字中国,卫士通
603090,--,宏盛股份
603214,二胎概念,爱婴室
2107,更多板蓝根 ;医疗改革 ;独家医药品种 ;禽流感 ;生物医药 ;医保目录 ;中医药,沃华医药
2164,风电 ;供应链金融,宁波东力
2910,生态农业 ;深股通 ;贸易战受益股 ;乳业,庄园牧场
2719,新疆振兴 ;二胎概念 ;月饼 ;乳业,麦趣尔
2859,更多元器件 ;电阻 ;深股通 ;集成电路概念 ;白马股 ;消费电子,洁美科技
918,更多新型城镇化 ;金改 ;土地增值 ;深股通 ;文化传媒 ;恒大概念 ;影视娱乐 ;机构重仓,嘉凯城
600088,更多数字电视 ;网络视频 ;网络电视 ;TMT ;动漫 ;新媒体 ;三网融合 ;融资融券 ;转融券标的 ;文化传媒 ;广播电视 ;证金持股 ;央企国资改革 ;影视娱乐 ;超清视频,中视传媒
2003,军工 ;卫星导航 ;深股通 ;养老金持股,伟星股份
300382,机器人概念 ;工业机器人 ;新能源汽车,斯莱克
600011,更多低碳 ;新能源 ;分布式发电 ;MSCI概念 ;煤价下跌受益 ;融资融券 ;沪股通 ;转融券标的 ;电力改革 ;光伏概念 ;风电 ;央企国资改革 ;机构重仓,华能国际
600628,更多新零售 ;老字号 ;迪士尼 ;收入改革 ;地方国资改革 ;上海国资改革 ;证金持股,新世界
606,更多股权转让 ;SAAS ;大数据 ;胶原蛋白 ;互联网+ ;创投 ;区块链,顺利办
2749,生物农药,国光股份
2445,更多大数据 ;中概股回归 ;参股360 ;音乐产业 ;高端装备 ;VR影视 ;虚拟现实 ;文化传媒 ;今日头条概念 ;明星参股概念 ;网络游戏 ;ST板块 ;股权转让 ;网络直播 ;影视娱乐 ;独角兽概念,ST中南
525,更多吡啶 ;农村电商 ;融资融券 ;深股通 ;转融券标的 ;乡村振兴 ;百草枯 ;草甘膦,红太阳
2581,更多中概股回归 ;生物医药 ;新型杀菌剂 ;深股通 ;高校 ;生物疫苗 ;超级真菌,未名医药
2144,更多超声治疗 ;互联网+ ;互联网金融 ;医疗器械概念 ;长三角一体化,宏达高科
892,文化传媒 ;影视娱乐,欢瑞世纪
2297,更多4D打印 ;高校 ;新材料概念 ;碳纤维 ;贸易战受益股 ;大飞机 ;军工 ;股权转让 ;证金持股,博云新材
300087,更多棉 ;早籼稻 ;普麦 ;生物育种 ;玉米种业 ;强麦 ;粳稻 ;晚籼稻 ;三农 ;超级稻 ;农业供给侧改革 ;乡村振兴 ;农业种植 ;股权转让 ;玉米,荃银高科
601700,更多智能电网 ;特高压 ;村镇银行 ;债转股 ;新基建 ;科创板预期,风范股份
300709,智能穿戴 ;特斯拉 ;谷歌概念 ;消费电子,精研科技
600340,更多京津冀一体化 ;智慧城市 ;工业用地 ;通用航空 ;棚户区改造 ;互联网金融 ;MSCI概念 ;北京环球影城 ;融资融券 ;沪股通 ;转融券标的 ;白马股 ;股权转让 ;PPP概念 ;互联网+ ;特色小镇 ;雄安地产 ;雄安新区 ;机构重仓,华夏幸福
601968,食品包装 ;参股万达商业 ;央企国资改革 ;年报预增,宝钢包装
300625,节能照明 ;跨境电商 ;电子商务,三雄极光
603161,--,科华控股
300092,海水淡化 ;核电,科新机电
2636,电子信息 ;元器件 ;深股通 ;覆铜板,金安国纪
550,更多低碳 ;国Ⅳ排放受益 ;鄱阳湖经济区 ;汽车制造概念 ;融资融券 ;深股通 ;转融券标的 ;证金持股 ;机构重仓,江铃汽车
601326,更多京津冀一体化 ;雄安新区 ;沪股通 ;国改双百行动 ;地方国资改革 ;一带一路,秦港股份
603026,高校 ;电解液 ;锂电池 ;燃料电池,石大胜华
603359,更多美丽中国 ;PPP概念 ;园林开发 ;土壤修复 ;节能环保 ;雄安环保 ;雄安新区,东珠生态
600064,更多参股新三板 ;小额贷款 ;金改 ;参股券商 ;移动互联网 ;融资融券 ;转融券标的 ;南京国资改革 ;江苏国资改革 ;地方国资改革 ;创投 ;外汇局持股 ;证金持股,南京高科
603885,更多春运 ;油价下调 ;沪股通 ;白马股 ;MSCI预期 ;养老金持股 ;机构重仓,吉祥航空
600724,更多舟山自贸区 ;舟山新区 ;地方国资改革 ;水泥 ;浙江国资改革 ;机构重仓,宁波富达
2893,合同能源管理,华通热力
300517,PPP概念 ;钢结构 ;污水处理,海波重科
603012,工业4.0 ;新能源汽车 ;充电桩 ;长三角一体化,创力集团
2317,更多生物医药 ;融资融券 ;深股通 ;转融券标的 ;中医药 ;参股新三板 ;眼科医疗 ;抗肿瘤 ;医保目录 ;禽流感 ;创新药 ;流感,众生药业
300363,废品回收 ;生物医药 ;创新药 ;抗艾滋病,博腾股份
2701,更多食品包装 ;APEC会议 ;融资融券 ;深股通 ;转融券标的 ;世界杯 ;番茄酱 ;债转股 ;足球概念 ;MSCI预期,奥瑞金
603585,生物农药 ;沪股通,苏利股份
2139,更多移动电源 ;安防 ;锂电制造 ;服务机器人 ;智能家居 ;人工智能 ;物联网感知层 ;碳纳米管 ;物联网 ;机器人概念 ;阿里巴巴概念 ;锂电池,拓邦股份
600691,更多参股民营银行 ;煤头尿素 ;乙二醇 ;尿素 ;正丁醇 ;环己酮 ;地方国资改革 ;煤化工 ;化肥 ;甲醇 ;山西国资改革 ;氢能源,阳煤化工
2449,更多国家科技大会 ;钒电池 ;涉矿 ;深股通 ;节能照明 ;芯片概念 ;白马股 ;地方国资改革 ;超清视频 ;广东国资改革,国星光电
300445,智能终端 ;物联网应用层 ;物联网,康斯特
300293,更多高端装备 ;机器人概念 ;工业机器人 ;工业4.0 ;年报预增,蓝英装备
2763,她经济,汇洁股份
27,更多参股新三板 ;太阳能 ;低碳 ;互联网保险 ;创投 ;MSCI概念 ;新能源 ;腾讯概念 ;电力改革 ;租售同权 ;融资融券 ;深股通 ;宁德时代概念 ;广东基建 ;转融券标的 ;垃圾发电 ;地方国资改革 ;互联网+ ;参股券商 ;天然气 ;固废处理 ;风电 ;节能环保 ;科创板IPO ;PPP概念 ;证金持股 ;机构重仓 ;广东国资改革 ;深圳国资改革,深圳能源
603566,更多禽流感 ;生物医药 ;猪瘟疫情 ;互联网+ ;创投,普莱柯
2823,新能源汽车 ;特斯拉,凯中精密
20,元器件 ;移动互联网 ;粤港澳大湾区,深华发A
2502,更多圣诞节 ;二胎概念 ;网络游戏 ;移动互联网 ;IP概念 ;机器人概念 ;儿童消费品 ;文化传媒 ;手机游戏 ;动漫 ;股权转让 ;人工智能 ;影视娱乐 ;商誉减值,骅威文化
603669,参股保险 ;沪股通 ;生物医药,灵康药业
600239,更多土地增值 ;融资融券 ;沪股通 ;转融券标的 ;供应链金融 ;保障房 ;地方国资改革 ;养老概念 ;云南国资改革 ;年报预增,云南城投
300187,更多脱硫脱硝 ;矿山生态修复 ;污水处理 ;海岛整治修复 ;新能源 ;废气处理 ;PM2.5 ;光伏概念 ;PPP概念 ;洞庭湖生态经济区 ;低碳 ;重金属治理 ;风电 ;节能环保 ;垃圾发电 ;雄安环保 ;土壤修复 ;雄安新区 ;国资驰援 ;证金持股 ;固废处理 ;美丽中国,永清环保
603656,工业机器人 ;工业4.0 ;机器人概念,泰禾光电
300765,新股与次新股 ;保健品,新诺威
2589,更多深股通 ;股权转让 ;白马股 ;医疗器械概念 ;互联网医疗,瑞康医药
600211,更多小额贷款 ;藏药 ;抗癌 ;中医药 ;医保目录 ;冬虫夏草 ;人脑工程,西藏药业
603779,葡萄酒替白酒 ;贸易战受益股,威龙股份
300595,眼科医疗 ;医疗器械概念 ;深股通 ;高送转,欧普康视
600578,更多电力改革 ;雄安新区 ;风电 ;互联网电力 ;低碳 ;新能源 ;融资融券 ;沪股通 ;转融券标的 ;独角兽概念 ;年报预增,京能电力
659,横琴新区 ;国际板 ;粤港澳大湾区,珠海中富
300258,汽车电子 ;特斯拉 ;新能源汽车,精锻科技
929,更多污水处理 ;兰新白试验区 ;兰州自贸区 ;啤酒概念 ;壳资源,兰州黄河
2345,更多奢侈品 ;迪士尼 ;跨境电商 ;深股通 ;她经济 ;电子商务 ;黄金概念 ;小金属概念 ;平安资管持股,潮宏基
2919,化妆护肤品,名臣健康
603680,轨道交通 ;沪股通,今创集团
2422,更多肾透析 ;板蓝根 ;禽流感 ;抗癌 ;生物医药 ;抗肿瘤 ;深股通 ;单抗 ;医保目录 ;MSCI概念 ;医疗器械概念 ;创新药 ;仿制药 ;年报预增,科伦药业
635,更多石灰石 ;3D打印 ;4D打印 ;聚氯乙烯 ;电石 ;PVC ;紫光系,英力特
2213,--,特尔佳
300756,新股与次新股 ;高送转,中山金马
601188,股权转让 ;中俄自贸区 ;地方国资改革,龙江交通
300357,更多生物医药 ;深股通 ;医疗器械概念 ;高送转 ;机构重仓,我武生物
2785,壳资源 ;股权转让,万里石
603203,更多机器人概念 ;高端装备 ;富士康概念 ;工业机器人 ;OLED ;工业互联网,快克股份
600035,更多中部崛起 ;智能医疗 ;交通示范区 ;长江经济带 ;物联网 ;车联网 ;湖北国资改革 ;地方国资改革,楚天高速
600642,更多西气东输 ;聚丙烯 ;油价下调 ;新能源 ;MSCI概念 ;煤化工 ;参股券商 ;太阳能 ;融资融券 ;沪股通 ;转融券标的 ;核电 ;地方国资改革 ;天然气 ;上海国资改革 ;证金持股 ;风电 ;甲醇,申能股份
600694,更多新零售 ;收入改革 ;振兴东北 ;电子商务 ;大连自贸区 ;环渤海 ;东北亚经贸中心 ;中朝贸易区 ;融资融券 ;沪股通 ;商超百货 ;转融券标的 ;安邦系,大商股份
600406,更多一带一路 ;有轨电车 ;互联网电力 ;特斯拉 ;PPP概念 ;分布式发电 ;工控信息安全 ;仪电仪表 ;央视财经50 ;能源互联网 ;融资融券 ;沪股通 ;转融券标的 ;充电桩 ;配电网 ;轨道交通 ;智能电网 ;特高压 ;IGBT ;MSCI概念 ;白马股 ;互联网+ ;证金持股 ;央企国资改革 ;电力物联网,国电南瑞
300569,风电 ;高送转,天能重工
300609,智慧停车 ;新零售 ;无人零售 ;大数据,汇纳科技
2599,更多云印刷 ;幼儿教育 ;服务机器人 ;机器人概念 ;二胎概念 ;高送转,盛通股份
700,融资融券 ;转融券标的 ;民营医院 ;无人驾驶,模塑科技
600754,更多B转H ;收入改革 ;迪士尼 ;情人节 ;共享办公 ;大消费 ;参股券商 ;沪股通 ;共享经济 ;地方国资改革 ;上海国资改革 ;MSCI预期 ;机构重仓,锦江股份
2133,金改 ;舟山新区 ;小额贷款 ;年报预增,广宇集团
600128,更多外贸 ;互联网期货 ;金改 ;江苏国资改革 ;地方国资改革 ;期货概念 ;创投,弘业股份
600387,更多股权转让 ;尾气治理 ;丙烷脱氢 ;甲乙酮 ;舟山新区 ;融资融券 ;沪股通 ;油品改革 ;转融券标的 ;丙烯 ;液化气 ;燃料乙醇 ;油品升级 ;创投 ;年报预增 ;透明工厂 ;海航系,海越能源
300542,通用航空 ;区块链储备 ;区块链 ;高送转,新晨科技
600836,更多上海自贸区 ;人民币升值 ;造纸转暖 ;迪士尼 ;柔性屏,界龙实业
2702,参股新三板 ;大消费 ;壳资源,海欣食品
2586,更多舟山自贸区 ;文化传媒 ;海洋经济 ;排水 ;舟山新区 ;海岛整治修复 ;海绵城市 ;雄安新区 ;深股通 ;影视娱乐 ;水利 ;PPP概念 ;Facebook概念,围海股份
300169,更多土壤修复 ;固废处理 ;新材料概念 ;污水处理 ;智能穿戴 ;轨道交通 ;高端装备,天晟新材
600741,更多MSCI概念 ;参股券商 ;迪士尼 ;融资融券 ;智能汽车 ;沪股通 ;转融券标的 ;新能源汽车 ;互联网+ ;上海国资改革 ;安邦系 ;证金持股 ;机构重仓,华域汽车
2769,更多电子信息 ;小米概念 ;独角兽概念 ;融资租赁 ;跨境电商 ;供应链金融 ;股权转让 ;地方国资改革 ;广东国资改革,普路通
819,更多生物疫苗 ;洞庭湖生态经济区 ;聚丙烯 ;MTBE ;液化气 ;医保目录 ;央企国资改革,岳阳兴长
600896,更多东盟北部湾 ;民营医院 ;航运系 ;三沙 ;央企控股 ;参股券商 ;海南自贸区 ;摘帽,览海投资
2058,传感器 ;核电 ;壳资源 ;创投,威尔泰
603810,新股与次新股 ;高送转预期,丰山集团
656,更多风电 ;两江新区 ;融资融券 ;深股通 ;转融券标的 ;长江经济带 ;MSCI概念 ;白马股 ;年报预增,金科股份
300715,长三角一体化,凯伦股份
2591,更多节能环保 ;智慧城市 ;王者荣耀 ;广告营销 ;文化传媒 ;创投 ;年报预增,恒大高新
300359,在线教育,全通教育
300579,更多移动支付 ;数字中国 ;区块链储备 ;区块链 ;北京国资改革 ;地方国资改革 ;知识产权保护 ;雄安新区 ;网络安全 ;高送转 ;国产软件,数字认证
429,更多广东基建 ;参股券商 ;南沙新区 ;深股通 ;白马股 ;广东国资改革 ;地方国资改革 ;粤港澳大湾区,粤高速A
600992,贵州国资改革 ;地方国资改革 ;国产航母 ;黑洞概念,贵绳股份
2168,更多仪电仪表 ;智能电网 ;深股通 ;王者荣耀 ;机器人概念 ;手机游戏,惠程科技
600548,更多融资融券 ;沪股通 ;转融券标的 ;春运 ;无感支付 ;地方国资改革 ;百度概念 ;年报预增 ;广东国资改革 ;深圳国资改革 ;机构重仓,深高速
2090,更多仪电仪表 ;融资租赁 ;智能电网 ;智慧停车 ;智能交通 ;太阳能 ;智能建筑 ;电子信息 ;雄安新区 ;海上风电 ;智慧城市 ;机器人概念 ;储能 ;独角兽概念 ;电力物联网 ;信托概念 ;高送转,金智科技
603997,新能源汽车 ;沪股通 ;机构重仓,继峰股份
300616,移动互联网 ;深股通 ;全屋定制,尚品宅配
601615,新股与次新股 ;风电 ;高端装备,明阳智能
603033,轨道交通 ;高铁 ;煤化工,三维股份
600681,更多美丽中国 ;LNG加气站 ;白马股 ;天然气 ;沪股通,百川能源
600847,新能源 ;股权转让 ;壳资源,万里股份
803,更多成渝特区 ;体外诊断 ;北京国资改革 ;地方国资改革 ;摘帽 ;风电 ;光伏概念,金宇车城
2376,更多电子信息 ;人民币防伪 ;新版人民币 ;央视财经50 ;车联网 ;3D打印 ;物联网 ;参股新三板 ;深股通 ;智能物流 ;物联网感知层 ;地方国资改革 ;互联网+,新北洋
603611,更多新能源物流车 ;汽车电子 ;锂电池 ;双十一 ;锂电设备 ;智能物流,诺力股份
600612,更多黄金租赁 ;象牙加工销售 ;奢侈品 ;老字号 ;融资融券 ;沪股通 ;转融券标的 ;翡翠 ;地方国资改革 ;小金属概念 ;黄金概念 ;上海国资改革,老凤祥
300761,新股与次新股 ;猪肉 ;养鸡,立华股份
603818,沪股通 ;工业4.0,曲美家居
603639,生物农药 ;沪股通,海利尔
603601,PM2.5 ;空气净化 ;节能环保,再升科技
603311,美丽中国 ;PM2.5 ;空气净化,金海环境
603183,低碳 ;建筑节能 ;绿色建筑,建研院
603022,智能终端,新通联
603020,--,爱普股份
601258,更多职业教育 ;雄安新区 ;汽车电商 ;共享汽车 ;京津冀一体化 ;融资融券 ;融资租赁 ;转融券标的 ;独角兽概念 ;共享经济 ;二手车 ;新能源汽车 ;股权转让 ;汽车关税下调 ;证金持股 ;一元股,庞大集团
601012,更多两会 ;分布式发电 ;超硬材料 ;扶贫开发 ;新能源 ;融资融券 ;沪股通 ;转融券标的 ;MSCI概念 ;多晶硅 ;光伏概念 ;太阳能 ;白马股,隆基股份
600988,更多固废处理 ;沪锡 ;稀缺资源 ;白银 ;沪股通 ;人民币贬值受益 ;小金属概念 ;黄金概念,赤峰黄金
600821,更多新零售 ;环渤海 ;滨海新区 ;天津自贸区 ;天津国资改革 ;地方国资改革,津劝业
600769,中部崛起 ;湖北国资改革 ;地方国资改革 ;紫光系,祥龙电业
600556,ST板块 ;壳资源 ;股权转让,ST慧球
600469,绿色轮胎 ;央企国资改革,风神股份
600343,更多月球车 ;航天军工 ;大飞机 ;嫦娥概念 ;金融IC ;航空航天 ;军工改制 ;融资融券 ;沪股通 ;航天系 ;转融券标的 ;贸易战受益股 ;军民融合 ;参股新三板 ;轨道交通 ;央企国资改革 ;新基建 ;太空互联网,航天动力
600129,更多焦虑症 ;中医药 ;抗癌 ;高温概念 ;健康中国 ;成渝特区 ;两江新区 ;医保目录 ;重庆国资改革 ;地方国资改革 ;流感,太极集团
600099,光伏概念 ;抗旱 ;央企国资改革,林海股份
300773,--,拉卡拉
300489,新材料概念 ;核电 ;有色铝 ;军工,中飞股份
300426,更多IP概念 ;范冰冰概念股 ;明星参股概念 ;文化传媒 ;影视娱乐,唐德影视
300163,互联网保险 ;绿色建筑 ;智能汽车,先锋新材
300128,更多智能终端 ;云计算 ;智能家居 ;蓝宝石 ;虚拟现实 ;元器件 ;移动互联网 ;三星 ;融资融券 ;转融券标的 ;新零售 ;天然气 ;物联网应用层 ;物联网 ;智能电视 ;OLED设备制造 ;股权转让 ;大数据 ;光伏概念 ;石墨烯 ;OLED ;苹果概念 ;台湾概念股,锦富技术
300028,--,金亚科技
2793,节水灌溉,东音股份
2726,股权转让 ;猪肉,龙大肉食
2514,环境监测 ;节能环保 ;年报预增 ;智能电网,宝馨科技
2464,更多网络游戏 ;苹果概念 ;国际板 ;电子商务 ;贸易战影响股 ;股权转让 ;大数据 ;手机游戏 ;金融科技 ;区块链,众应互联
2336,更多新零售 ;广东自贸区 ;跨境电商 ;电子商务 ;ST板块,*ST人乐
2323,更多光伏概念 ;建筑节能 ;智能建筑 ;一带一路 ;ST板块,*ST百特
2283,更多机器人概念 ;工业4.0 ;汽车制造概念 ;高端装备 ;工业机器人,天润曲轴
909,更多电子信息 ;数字电视 ;智慧城市 ;智能电视 ;互联网大会 ;网络电视 ;车联网 ;充电桩 ;浙江国资改革 ;地方国资改革 ;无人驾驶 ;物联网 ;智慧停车 ;芯片概念 ;超清视频 ;国产软件,数源科技
809,污水处理 ;新型城镇化 ;地方国资改革,铁岭新城
585,更多仪电仪表 ;智能电网 ;振兴东北 ;股权转让 ;ST板块 ;壳资源 ;海航系,*ST东电
43,更多工业用地 ;融资融券 ;转融券标的 ;中航系 ;年报预增,中航善达
10,园林开发 ;天然气 ;美丽中国,美丽生态
300758,新股与次新股 ;高送转预期 ;分散染料,七彩化学
601799,更多物联网 ;宝马概念 ;车联网 ;沪股通 ;汽车电子 ;无人驾驶,星宇股份
2621,更多东北亚经贸中心 ;工业4.0 ;大连自贸区 ;地下管网 ;水利 ;幼儿教育 ;PVC ;高送转,美吉姆
2412,二胎概念 ;中医药,汉森制药
2857,仪电仪表,三晖电气
600965,殡仪服务 ;牛羊肉 ;家禽养殖 ;沪股通,福成股份
96,更多工业用地 ;油品改革 ;深圳国资改革 ;广东国资改革 ;地方国资改革 ;粤港澳大湾区,广聚能源
710,更多深股通 ;抗癌 ;抗肿瘤 ;基因芯片 ;二胎概念 ;基因测序,贝瑞基因
600116,更多重庆自贸区 ;抗旱 ;成渝特区 ;重庆水资源 ;两江新区 ;融资融券 ;水利 ;沪股通 ;转融券标的 ;节能环保 ;长江经济带 ;央企国资改革,三峡水利
300108,更多抗癌 ;炭黑 ;生物医药 ;抗艾滋病 ;创新药 ;中医药 ;白炭黑 ;兜底增持,吉药控股
603126,更多碳交易 ;中巴经济走廊 ;电力改革 ;沪股通 ;雄安新区 ;节能环保 ;中材系 ;央企国资改革 ;智能电网 ;一带一路,中材节能
876,更多MSCI概念 ;智能穿戴 ;三农 ;中澳自贸区 ;农村电商 ;东盟自贸区 ;乳业 ;融资融券 ;深股通 ;转融券标的 ;乡村振兴 ;互联网+ ;猪肉 ;饲料 ;养鸡 ;蚂蚁金服概念 ;机构重仓,新希望
600151,更多航空航天 ;航天军工 ;低碳 ;光热 ;月球车 ;分布式发电 ;军工改制 ;融资融券 ;航天系 ;转融券标的 ;太阳能 ;多晶硅 ;光伏概念 ;太空互联网,航天机电
601038,更多一号文件 ;新型城镇化 ;融资融券 ;沪股通 ;转融券标的 ;债转股 ;乡村振兴 ;农机 ;央企国资改革 ;机构重仓,一拖股份
300740,更多电子商务 ;跨境电商 ;她经济 ;互联网+ ;化妆护肤品 ;白马股,御家汇
600265,更多胶合板 ;长江防护林 ;ST板块 ;林场改革 ;纤维板 ;美丽中国 ;股权转让,ST景谷
400,更多公共交通 ;中原经济区 ;高端装备 ;特斯拉 ;互联网电力 ;一带一路 ;智能电网 ;仪电仪表 ;电动汽车 ;融资融券 ;深股通 ;转融券标的 ;特高压 ;配电网 ;互联网+ ;充电桩 ;央企国资改革 ;新基建 ;证金持股,许继电气
691,更多涉矿 ;三沙 ;海南旅游岛 ;东盟北部湾 ;壳资源,亚太实业
886,更多西沙旅游 ;东盟北部湾 ;公路建设 ;海南旅游岛 ;三沙 ;地方国资改革 ;海南自贸区 ;年报预增,海南高速
2100,更多冠状病毒 ;新疆振兴 ;西尼罗病毒 ;手足口病疫苗 ;新疆建设兵团 ;水产品 ;生物疫苗 ;兽药 ;黄豆 ;物联网 ;炭疽 ;禽流感 ;大豆 ;猪瘟疫情 ;地方国资改革 ;猪肉 ;饲料 ;新基建,天康生物
558,更多电子竞技 ;冬奥会 ;杭州亚运会 ;互联网平台 ;体育产业 ;冰雪产业 ;世界杯 ;互联网彩票 ;足球概念 ;特色小镇 ;股权转让,莱茵体育
2458,更多农业合作社 ;家禽养殖 ;深股通 ;兜底增持 ;猪肉 ;养鸡 ;送转填权,益生股份
2932,新股与次新股 ;医疗器械概念 ;体外诊断,明德生物
23,壳资源 ;粤港澳大湾区,深天地A
671,更多迪士尼 ;保障房 ;参股保险 ;智慧城市 ;租售同权 ;融资融券 ;深股通 ;转融券标的 ;粤港澳大湾区 ;MSCI预期 ;机构重仓,阳光城
600872,更多参股新三板 ;小额再贷款 ;纳米 ;小额贷款 ;融资融券 ;沪股通 ;转融券标的 ;粤港澳大湾区 ;调味品 ;MSCI预期,中炬高新
600017,更多融资融券 ;一带一路 ;转融券标的 ;地方国资改革 ;中韩自贸区 ;年报预增 ;山东国资改革,日照港
2863,--,今飞凯达
638,更多增强现实 ;大数据 ;智能穿戴 ;股权转让 ;京津冀一体化 ;冬奥会 ;3D打印 ;军工 ;航空发动机 ;健康中国 ;腾讯概念,万方发展
603507,新能源 ;光伏概念 ;风电,振江股份
603008,更多沪股通 ;智能家居 ;电子商务 ;文化传媒 ;股权转让 ;影视娱乐,喜临门
600675,更多浦东新区 ;工业用地 ;迪士尼 ;土地增值 ;浦东前滩 ;上海自贸区 ;土地流转 ;地方国资改革 ;上海国资改革 ;年报预增,中华企业
2503,职业教育 ;深股通 ;科创板IPO,搜于特
600795,更多电力改革 ;新能源 ;央企控股 ;振兴东北 ;东盟北部湾 ;多晶硅 ;东北亚经贸中心 ;分布式发电 ;融资融券 ;沪股通 ;转融券标的 ;MSCI概念 ;风电 ;央企国资改革 ;证金持股,国电电力
2477,更多三农 ;村镇银行 ;中原经济区 ;扶贫开发 ;农村电商 ;生态农业 ;生猪屠宰 ;猪肉收储 ;雄安新区 ;乡村振兴 ;深股通 ;网络直播 ;互联网+ ;猪肉,雏鹰农牧
603096,文化传媒 ;平面媒体 ;机构重仓,新经典
600288,更多环境监测 ;食品安全 ;检测认证 ;太赫兹 ;元器件 ;引力波 ;电子信息 ;食品中国峰会 ;参股基金 ;地沟油概念 ;机器人概念 ;激光器 ;融资融券 ;徐翔概念股 ;期货概念 ;转融券标的 ;工业机器人 ;机器视觉 ;超清视频 ;融媒体,大恒科技
2071,更多明星参股概念 ;融资融券 ;转融券标的 ;文化传媒 ;影视娱乐,长城影视
300282,更多诺基亚 ;二胎概念 ;三星 ;职业教育 ;触摸屏 ;股权转让 ;年报预增 ;高送转,三盛教育
603739,新股与次新股,蔚蓝生物
300550,互联网医疗 ;区块链,和仁科技
603777,更多休闲零食 ;商品新零售 ;新零售 ;电子商务 ;智能物流 ;大消费,来伊份
603319,--,湘油泵
603129,体育产业 ;军工,春风动力
600856,更多中朝贸易区 ;新能源 ;油品升级 ;油气开采 ;沪股通 ;LNG加气站 ;股权转让 ;国资驰援 ;天然气,中天能源
300175,更多油豆 ;电子商务 ;互联网平台 ;期货概念 ;贸易战受益股 ;土豆 ;休闲零食 ;大数据 ;基因测序 ;互联网+ ;土地流转 ;苹果期货 ;云计算 ;边缘计算,朗源股份
600335,更多滨海新区 ;环渤海 ;智能汽车 ;融资融券 ;沪股通 ;转融券标的 ;车联网 ;汽车关税下调 ;互联网+ ;新能源整车 ;新能源汽车 ;特斯拉 ;央企国资改革 ;独角兽概念,国机汽车
600107,更多互联网期货 ;融资融券 ;转融券标的 ;壳资源 ;期货概念,美尔雅
2575,更多儿童消费品 ;融资租赁 ;圣诞节 ;二胎概念 ;股权转让 ;创投,群兴玩具
603580,台湾概念股,艾艾精工
2450,更多3D打印 ;三星 ;OLED ;全息手机 ;分离膜 ;智能终端 ;特斯拉 ;虚拟现实 ;高性能膜 ;人工智能 ;人机交互 ;裸眼3D ;新能源汽车 ;碳纤维 ;新材料概念 ;OLED材料 ;石墨烯 ;ST板块 ;台湾概念股,ST康得新
300216,更多基因芯片 ;国开行 ;智能医疗 ;人脑工程 ;智能穿戴 ;基因测序 ;医疗器械概念 ;机器视觉,千山药机
2189,更多3D玻璃 ;三星 ;元器件 ;智能眼镜 ;全息手机 ;蓝宝石 ;VR设备 ;虚拟现实 ;军工 ;人脸识别 ;机器视觉 ;中兵系 ;年报预增 ;超清视频,利达光电
300457,更多新能源 ;深股通 ;锂电设备 ;工业4.0 ;锂电池 ;白马股,赢合科技
2741,更多正极材料 ;集成电路概念 ;动力电池回收 ;新能源汽车 ;深股通 ;锂电池 ;台湾概念股,光华科技
300447,航天军工 ;航空航天 ;海水淡化 ;军工,全信股份
603665,人民币贬值受益,康隆达
300759,新股与次新股 ;创新药,康龙化成
600822,更多自由贸易港 ;外贸 ;油品改革 ;二手车 ;人民币贬值受益 ;地方国资改革 ;上海自贸区 ;上海国资改革,上海物贸
603766,更多宝马概念 ;农业信息化 ;地震 ;一号文件 ;无人驾驶 ;融资融券 ;乡村振兴 ;沪股通 ;转融券标的 ;航空发动机 ;中非合作 ;新能源整车 ;新能源汽车 ;无人机 ;农机,隆鑫通用
2212,更多仪电仪表 ;智能电网 ;深股通 ;核电 ;网络安全,南洋股份
603696,参股保险 ;电子商务 ;调味品,安记食品
2247,更多深股通 ;白马股 ;文化传媒 ;手机游戏 ;创投 ;商誉减值,聚力文化
300412,工业4.0 ;医药安全,迦南科技
2511,更多造纸转暖 ;深股通 ;二胎概念 ;纸浆 ;机构重仓,中顺洁柔
603121,新股与次新股 ;长三角一体化,华培动力
2709,更多橡胶 ;深股通 ;新材料概念 ;电解液 ;白马股 ;正极材料 ;锂电池 ;有机硅 ;年报预增 ;氢能源,天赐材料
300673,--,佩蒂股份
601107,更多成都天府新区 ;融资融券 ;沪股通 ;转融券标的 ;地方国资改革 ;创投 ;四川国资改革,四川成渝
2952,新股与次新股 ;高送转预期,亚世光电
300080,更多太阳能 ;新能源 ;碳化硅 ;中原经济区 ;多晶硅 ;河南自贸区 ;负极材料 ;地方国资改革 ;光伏概念 ;锂电池 ;河南国资改革,易成新能
2950,新股与次新股 ;医疗器械概念,奥美医疗
526,更多高校 ;地方国资改革 ;氧化铝 ;股权转让 ;国资驰援 ;紫光系,紫光学大
600873,更多国开行 ;融资融券 ;转融券标的 ;味精 ;生物疫苗 ;调味品 ;证金持股,梅花生物
1896,更多电力改革 ;新能源 ;低碳 ;煤价下跌受益 ;融资融券 ;转融券标的 ;河南国资改革 ;地方国资改革 ;风电,豫能控股
2018,更多期货概念 ;参股券商 ;草甘膦 ;天然气 ;ST板块 ;一元股,*ST华信
600418,更多汽车制造概念 ;融资融券 ;沪股通 ;锂电池 ;转融券标的 ;蔚来汽车概念 ;地方国资改革 ;无人驾驶 ;新能源整车 ;新能源汽车 ;安徽国资改革 ;工业互联网,江淮汽车
603985,OLED,恒润股份
911,更多东盟北部湾 ;月饼 ;三旧改造 ;厄尔尼诺概念 ;调味品 ;甘蔗废料利用 ;东盟自贸区 ;地方国资改革 ;白糖 ;ST板块 ;秸秆综合利用,*ST南糖
603333,更多电缆 ;一带一路 ;轨道交通 ;核电 ;光伏概念 ;风电 ;年报预增,尚纬股份
300012,更多食品中国峰会 ;现代服务业 ;塑化剂 ;检测认证 ;PM2.5 ;土壤修复 ;环境监测 ;食品安全 ;电子商务 ;地沟油概念 ;废气处理 ;上海自贸区 ;深股通 ;年报预增,华测检测
600163,更多电力改革 ;光伏概念 ;新能源汽车 ;地方国资改革 ;债转股 ;风电,中闽能源
300429,更多OLED材料 ;集成电路概念 ;OLED ;深股通 ;高送转,强力新材
2385,更多MSCI概念 ;三农 ;APEC会议 ;农村电商 ;科技保险 ;超级稻 ;玉米 ;棉 ;央视财经50 ;征信 ;移动支付 ;融资融券 ;深股通 ;转融券标的 ;乡村振兴 ;生物育种 ;大豆 ;猪瘟疫情 ;互联网+ ;互联网金融 ;猪肉 ;饲料 ;农业种植,大北农
798,更多海洋经济 ;舟山新区 ;参股保险 ;水产品 ;央企控股,中水渔业
300530,--,达志科技
2370,股权转让 ;深股通 ;创新药,亚太药业
2407,更多制冷剂 ;中原经济区 ;小额贷款 ;氟化工 ;涉矿 ;新能源 ;融资融券 ;深股通 ;电解液 ;转融券标的 ;锂电制造 ;新能源汽车 ;氢氟酸 ;锂电池 ;特斯拉 ;独角兽概念 ;创投,多氟多
601965,更多有轨电车 ;智能汽车 ;尾气治理 ;新能源汽车 ;中字头股票 ;央企国资改革 ;机构重仓,中国汽研
2025,更多嫦娥概念 ;仪电仪表 ;航空航天 ;智能穿戴 ;航天军工 ;阅兵 ;卫星导航 ;融资融券 ;深股通 ;航天系 ;转融券标的 ;军工 ;央企国资改革 ;太空互联网 ;机构重仓,航天电器
2299,更多农业合作社 ;三农 ;食品安全 ;家禽养殖 ;融资融券 ;深股通 ;转融券标的 ;年报预增 ;养鸡 ;MSCI预期 ;机构重仓,圣农发展
599,更多橡胶 ;青岛自贸区 ;中韩自贸区 ;雄安新区 ;雄安交通 ;工业4.0 ;国改双百行动 ;山东国资改革 ;地方国资改革 ;军工 ;军民融合,青岛双星
2147,更多机器人概念 ;新能源 ;雷达 ;工业机器人 ;高端装备 ;ST板块,ST新光
603056,更多快递 ;沪股通 ;智能物流 ;跨境电商 ;长三角一体化,德邦股份
300631,盐湖提锂 ;锂电原料 ;燃料乙醇 ;锂电池,久吾高科
2116,参股券商 ;垃圾发电 ;央企国资改革,中国海诚
603393,煤层气 ;天然气,新天然气
560,更多新零售 ;深股通 ;电子商务 ;股权转让 ;租售同权 ;大消费 ;年报预增,我爱我家
603900,奢侈品,莱绅通灵
600732,更多ST板块 ;军工 ;石墨烯 ;股权转让 ;壳资源,ST新梅
2270,更多高端装备 ;钢结构 ;CAD ;工业机器人 ;机器人概念,华明装备
2692,智能电网 ;电缆 ;核电 ;军工,远程股份
600644,更多电力改革 ;低碳 ;供气 ;成渝特区 ;天然气管道 ;年报预增 ;地下管网,乐山电力
601882,高端装备,海天精工
600268,更多碳税 ;仪电仪表 ;有轨电车 ;特高压 ;新能源 ;合同能源管理 ;智能电网 ;轨道交通 ;充电桩 ;央企国资改革 ;新基建 ;电力物联网,国电南自
600310,更多北部湾自贸区 ;东盟北部湾 ;电力改革 ;融资融券 ;光伏概念 ;沪股通 ;参股券商 ;转融券标的 ;地方国资改革 ;互联网+ ;创投,桂东电力
735,更多参股新三板 ;聚土地概念 ;金改 ;新型城镇化 ;土地流转 ;小额贷款 ;海南旅游岛 ;低碳 ;土地增值 ;三沙 ;生态农业 ;乡村振兴 ;职业教育 ;深股通 ;东盟北部湾 ;赛马概念 ;冷链物流 ;海南自贸区 ;猪肉 ;证金持股 ;农垦改革 ;转基因 ;年报预增,罗牛山
2101,特斯拉,广东鸿图
42,更多一带一路 ;大运会 ;工业用地 ;深股通 ;粤港澳大湾区 ;机构重仓,中洲控股
600975,更多家禽养殖 ;扶贫开发 ;沪股通 ;贸易战受益股 ;地方国资改革 ;猪肉 ;湖南国资改革,新五丰
300158,更多抗癌 ;埃博拉概念 ;中医药 ;医保目录 ;抗肿瘤 ;创新药,振东制药
600137,金改 ;成渝特区 ;紫光系,浪莎股份
2021,期货概念 ;电子商务 ;涉矿 ;壳资源,中捷资源
2348,更多迪士尼 ;人工智能 ;3D打印 ;圣诞节 ;节能环保 ;服务机器人 ;在线教育 ;人民币贬值受益 ;互联网+ ;二胎概念 ;机器人概念,高乐股份
985,更多两桶油改革 ;油品改革 ;振兴东北 ;聚丙烯 ;央企国资改革,大庆华科
603628,光伏概念,清源股份
300654,文化传媒 ;K12教育 ;平面媒体 ;在线教育,世纪天鸿
300762,新股与次新股 ;军工,上海瀚讯
600452,更多成渝特区 ;两江新区 ;电力改革 ;沪股通 ;节能环保,涪陵电力
2941,更多地方国资改革 ;新股与次新股 ;基建工程 ;新疆振兴 ;一带一路,新疆交建
603379,新股与次新股 ;制冷剂,三美股份
600225,更多天津自贸区 ;滨海新区 ;融资租赁 ;智慧城市 ;云计算,天津松江
300596,新材料概念 ;白马股,利安隆
2567,更多雄安新区 ;猪肉 ;饲料 ;国资驰援 ;养老金持股,唐人神
603357,白马股 ;沪股通 ;安徽国资改革 ;地方国资改革,设计总院
565,更多乙二醇 ;成渝特区 ;重庆自贸区 ;两江新区 ;融资融券 ;建筑涂料 ;转融券标的 ;金改 ;重庆国资改革 ;地方国资改革 ;石墨烯,渝三峡A
2840,饲料 ;猪肉,华统股份
603348,新股与次新股 ;特斯拉 ;蔚来汽车概念,文灿股份
2066,更多新材料概念 ;岩棉 ;金属镁 ;中材系 ;证金持股,瑞泰科技
300180,更多合成革 ;参股民营银行 ;氨纶 ;深股通 ;工业互联网 ;移动支付 ;高送转,华峰超纤
600609,更多汽车制造概念 ;振兴东北 ;融资融券 ;转融券标的 ;地方国资改革 ;辽宁国资改革,金杯汽车
601975,央企国资改革 ;新股与次新股 ;摘帽,长航油运
300612,更多广告营销 ;文化传媒 ;区块链储备 ;数字营销 ;短视频 ;区块链,宣亚国际
600396,低碳 ;振兴东北 ;电力改革 ;新能源,金山股份
2072,跨境电商 ;京津冀一体化 ;壳资源,凯瑞德
40,更多太阳能 ;污水处理 ;园林开发 ;工业用地 ;新能源 ;固废处理 ;大运会 ;天然气 ;农村环境治理 ;深股通 ;乡村振兴 ;白马股 ;区块链 ;美丽中国 ;PPP概念 ;融资融券 ;转融券标的 ;光伏概念 ;节能环保 ;粤港澳大湾区 ;年报预增,东旭蓝天
2483,大上海 ;污水处理 ;海工装备,润邦股份
2714,更多扶贫开发 ;融资融券 ;饲料 ;深股通 ;转融券标的 ;MSCI概念 ;优先股概念 ;猪肉,牧原股份
600737,更多中粮系国企改革 ;厄尔尼诺概念 ;新疆振兴 ;央企控股 ;中澳自贸区 ;融资融券 ;沪股通 ;转融券标的 ;番茄酱 ;白糖 ;调味品 ;央企国资改革 ;中粮系 ;MSCI预期,中粮糖业
2805,新能源 ;正极材料 ;锂电池 ;高送转,丰元股份
600939,更多重庆自贸区 ;海绵城市 ;小额贷款 ;重庆国资改革 ;地方国资改革 ;养老金持股 ;地下管网 ;一带一路 ;扶贫开发,重庆建工
603629,新股与次新股,利通电子
785,更多武汉金改 ;中部崛起 ;移动购物 ;武汉自贸区 ;商超百货 ;新零售 ;湖北国资改革 ;地方国资改革 ;股权转让,武汉中商
600749,收入改革 ;股权转让 ;摘帽,西藏旅游
600089,更多低碳 ;国家科技大会 ;分布式发电 ;MSCI概念 ;国开行 ;涉矿 ;循环经济 ;太阳能 ;碳纤维 ;光热 ;工业4.0 ;仪电仪表 ;新疆振兴 ;新疆电源项目 ;中巴经济走廊 ;融资租赁 ;超导 ;西电东送 ;融资融券 ;雄安新区 ;沪股通 ;转融券标的 ;能源互联网 ;一带一路 ;智能电网 ;特高压 ;氧化铝 ;多晶硅 ;光伏概念 ;风电 ;证金持股,特变电工
300171,更多养老概念 ;小额贷款 ;医药安全 ;基因测序 ;医疗器械概念 ;独角兽概念,东富龙
603829,智能电网,洛凯股份
600299,更多饲料 ;沪股通 ;维生素 ;证金持股 ;机构重仓,安迪苏
603655,橡胶,朗博科技
601126,更多特高压 ;光伏概念 ;融资融券 ;军民融合 ;智能电网 ;转融券标的 ;配电网 ;军工 ;新基建,四方股份
600552,更多玻璃纤维 ;智能玻璃 ;玻璃 ;3D玻璃 ;无线充电 ;新材料概念 ;OLED材料 ;触摸屏 ;OLED ;中材系,凯盛科技
600119,更多涉矿 ;SDR概念 ;物流电商平台 ;浦东新区 ;军工 ;纳米 ;跨境电商 ;航空航天 ;物流骨干网 ;自由贸易港 ;黄金水道 ;金改 ;融资融券 ;电子商务 ;双十一 ;小额贷款 ;转融券标的 ;长江经济带 ;进口博览会 ;地方国资改革 ;上海自贸区 ;上海国资改革,长江投资
300356,更多参股新三板 ;智能电网 ;知识产权保护 ;创投 ;边缘计算 ;能源互联网,光一科技
2806,更多铝材加工 ;铝电解电容 ;新能源整车 ;新能源汽车 ;有色铝 ;年报预增,华锋股份
779,水利 ;地方国资改革 ;甘肃国资改革,三毛派神
4,网络游戏 ;生物医药 ;壳资源 ;中科系,国农科技
601366,互联网平台 ;商品新零售 ;腾讯概念 ;新零售,利群股份
